UMAP1,UMAP2,Source
8.2599535,-9.26051,molmim
5.229994,1.2081659,molmim
4.79565,2.3605325,molmim
5.231184,1.4729174,molmim
4.545588,3.410823,molmim
5.258142,1.6011634,molmim
5.270711,2.7237172,molmim
8.712296,7.6065383,molmim
5.2693706,2.6857347,molmim
5.1882906,2.6964571,molmim
5.255674,2.6912665,molmim
5.193243,2.5857487,molmim
5.197024,2.7279313,molmim
5.31209,2.6809225,molmim
5.6998963,3.0058837,molmim
5.262088,2.7344556,molmim
9.635513,9.63915,molmim
8.740058,10.107336,molmim
4.660271,3.1996276,molmim
9.193932,9.305692,molmim
9.137637,9.281261,molmim
6.235089,4.5020556,molmim
5.435438,2.5421035,molmim
5.010299,3.028145,molmim
4.018229,2.784446,molmim
8.384651,10.666362,molmim
7.2398443,9.649557,molmim
8.842943,10.293504,molmim
4.0578213,1.4518514,molmim
5.046225,2.0591216,molmim
4.1329827,2.6123757,molmim
2.6503346,-0.5520866,molmim
4.4362307,2.7110515,molmim
4.423383,2.6380246,molmim
5.1691694,1.9216568,molmim
4.5535316,0.6011742,molmim
4.812653,0.97267777,molmim
4.826447,1.0480577,molmim
4.945564,1.101964,molmim
4.696135,0.78767663,molmim
4.6865206,0.908862,molmim
4.7041197,0.91910064,molmim
4.3659196,2.463688,molmim
4.797366,2.432931,molmim
4.971668,0.9059104,molmim
12.989856,-3.8782804,molmim
12.897603,-3.9059792,molmim
12.872104,-3.998742,molmim
11.825138,-3.7964153,molmim
12.263659,-3.3590097,molmim
12.61542,-3.6421902,molmim
12.535002,-3.4164095,molmim
6.458714,1.0242285,molmim
5.7074676,1.1809653,molmim
5.6275406,0.19864103,molmim
5.646618,0.250497,molmim
5.366627,1.3175801,molmim
5.5253377,0.7410957,molmim
5.5426435,0.5822737,molmim
5.4765987,0.73832804,molmim
5.482557,1.0482146,molmim
5.634086,0.48377877,molmim
6.0478997,0.8373848,molmim
2.1050096,2.8878338,molmim
2.255561,2.7767754,molmim
2.3931446,2.8371012,molmim
4.8483067,3.07615,molmim
2.1907964,2.8528943,molmim
4.7493787,2.6875122,molmim
4.5629063,3.591725,molmim
6.2127876,0.9737933,molmim
3.516766,3.237111,molmim
11.652536,-3.2288723,molmim
11.651155,-3.2492816,molmim
11.883838,-3.3474216,molmim
11.558915,-3.2679071,molmim
11.722119,-2.9154444,molmim
12.462506,-3.675747,molmim
6.108041,1.0569569,molmim
3.284693,2.6210115,molmim
4.3096957,2.629229,molmim
8.515153,10.392265,molmim
8.902116,9.566194,molmim
8.733958,9.589774,molmim
9.057921,9.37874,molmim
4.13625,3.3480182,molmim
8.701798,9.386851,molmim
4.7774615,2.6203723,molmim
6.0240784,3.3080735,molmim
4.385471,2.6424193,molmim
4.9401865,2.9117875,molmim
4.7117214,2.8187451,molmim
4.8828516,1.4217167,molmim
4.9105463,2.9345202,molmim
4.532222,1.1430742,molmim
4.9100003,0.87231094,molmim
5.2172422,1.1418132,molmim
4.906449,0.87734425,molmim
5.0323,1.0552887,molmim
12.045575,-3.8948877,molmim
11.943203,-3.7179866,molmim
12.008842,-3.4044442,molmim
12.377355,-3.5181937,molmim
11.873013,-3.5612967,molmim
11.949891,-3.5776305,molmim
11.862545,-3.5804708,molmim
11.9292555,-3.7940934,molmim
11.855283,-3.5779996,molmim
5.217856,0.7779817,molmim
8.7677355,10.252139,molmim
9.4503565,9.47367,molmim
9.175471,9.360307,molmim
8.559045,9.400043,molmim
9.384304,9.311939,molmim
8.770473,9.394075,molmim
3.6645403,2.6840143,molmim
5.602639,3.8397923,molmim
4.781967,2.3067834,molmim
4.1108923,2.9919558,molmim
4.26299,1.8959198,molmim
5.4346175,1.8120012,molmim
4.8702674,1.4169239,molmim
4.1607113,1.2223972,molmim
5.017247,1.5441017,molmim
4.9306006,3.3955824,molmim
6.2883587,1.6092247,molmim
8.689048,11.084068,molmim
9.148058,10.101815,molmim
8.905777,9.555599,molmim
8.97621,10.107067,molmim
4.9733577,3.5598867,molmim
9.347571,8.873349,molmim
5.0354486,2.3777382,molmim
4.307987,3.4419382,molmim
5.301348,3.2828598,molmim
12.6949625,-3.9412718,molmim
12.735485,-4.066599,molmim
12.750363,-4.118656,molmim
12.064305,-3.517044,molmim
12.508357,-3.8250134,molmim
5.3822966,1.5126721,molmim
6.6221905,1.0434419,molmim
3.3005173,2.8481867,molmim
5.19738,0.87539345,molmim
2.1076858,-0.89489764,molmim
2.5993283,-0.64207655,molmim
2.425161,-0.8586521,molmim
2.2247016,-0.87320757,molmim
2.939143,-0.061146382,molmim
5.394113,1.2616216,molmim
4.7762384,1.5529232,molmim
4.821459,1.0118148,molmim
4.6980495,1.1130915,molmim
4.7866893,1.3639479,molmim
4.4698386,3.7073321,molmim
4.411031,3.69104,molmim
4.3862896,3.7322617,molmim
4.4187493,3.636002,molmim
4.5062356,3.2784693,molmim
4.548051,3.2713497,molmim
4.7534213,2.8454263,molmim
3.8332198,3.2913086,molmim
4.6923347,2.443125,molmim
4.877863,1.4041545,molmim
2.001961,3.4005773,molmim
2.4225836,3.5133674,molmim
4.05882,2.805285,molmim
2.1687312,3.6252115,molmim
2.238578,3.6823175,molmim
2.6701353,3.4216776,molmim
2.2845829,3.7253866,molmim
6.608839,0.9711181,molmim
2.9102561,2.976037,molmim
4.3235726,2.5017302,molmim
7.7979903,0.37793967,molmim
7.892515,0.35623842,molmim
7.7752614,0.38471115,molmim
7.64955,0.46912172,molmim
7.769704,0.40541035,molmim
7.563997,0.5424173,molmim
7.8535547,0.38818666,molmim
7.726498,0.3937892,molmim
6.885978,0.72639453,molmim
6.9705434,0.4198524,molmim
2.0132856,3.5898724,molmim
2.0424669,3.6870356,molmim
2.4587095,3.5129495,molmim
2.418033,3.5447807,molmim
2.4723032,3.497335,molmim
2.3681118,3.5990374,molmim
2.2690163,3.6408834,molmim
2.9397354,2.9765007,molmim
4.3192015,0.69558847,molmim
6.020652,1.7071255,molmim
6.9736214,-0.5477939,molmim
6.847646,-0.42418206,molmim
6.8190193,-0.38776,molmim
6.7568617,-0.3526488,molmim
6.622274,-0.20512185,molmim
5.1283855,1.0292349,molmim
5.0989766,1.2681842,molmim
5.493627,0.18574345,molmim
5.0645823,2.0597699,molmim
5.158922,1.6369798,molmim
6.0651774,-1.8844234,molmim
5.999954,-1.8282905,molmim
6.0746984,-1.9329073,molmim
6.1057496,-1.9422162,molmim
6.008522,-1.6899261,molmim
6.0130467,-1.8735558,molmim
5.878157,-1.6027718,molmim
5.9588003,-1.6971093,molmim
4.2908487,2.5586395,molmim
5.0186634,2.119781,molmim
7.171199,1.7266372,molmim
7.0265493,1.7669535,molmim
7.04278,1.7549723,molmim
7.221005,1.475052,molmim
7.157631,1.4700633,molmim
6.914905,1.7587539,molmim
7.0653715,1.8174841,molmim
7.1788683,1.3374796,molmim
5.3143506,2.0295186,molmim
4.5170846,2.6981492,molmim
9.046813,9.5688505,molmim
8.650691,9.814401,molmim
8.687641,9.616861,molmim
8.8708,9.222286,molmim
8.753498,9.520731,molmim
4.412339,3.3517637,molmim
8.565583,9.682391,molmim
4.914016,3.1635222,molmim
5.1490397,3.2885077,molmim
5.078768,0.8360534,molmim
5.1424947,0.9222701,molmim
5.2932196,0.8481334,molmim
5.213015,0.782715,molmim
5.095887,0.7273571,molmim
5.016735,1.0573176,molmim
4.64814,1.3103966,molmim
5.8466096,0.9496401,molmim
4.5356264,1.4170625,molmim
4.1799645,2.0072985,molmim
4.8081145,1.0079811,molmim
4.4785476,0.41784918,molmim
4.7453856,1.054717,molmim
4.798808,0.9535861,molmim
5.6023912,1.2064897,molmim
4.8970056,1.1842341,molmim
3.9880018,2.2214234,molmim
4.46919,2.3532135,molmim
5.340434,1.0374491,molmim
4.8390017,1.1809855,molmim
3.2068987,2.7161844,molmim
3.1459646,2.7840948,molmim
3.0577984,2.9045064,molmim
3.2757144,2.6001263,molmim
6.4397783,1.1289284,molmim
3.3720038,2.570552,molmim
3.5832765,2.767932,molmim
2.2011783,3.5878992,molmim
2.5339637,2.8877535,molmim
4.3146725,2.6202881,molmim
6.972555,0.9638308,molmim
7.2269115,0.8499043,molmim
7.044804,0.9796298,molmim
7.061494,0.829678,molmim
7.0754924,0.98201036,molmim
7.0074024,0.8677353,molmim
6.0560546,1.232225,molmim
3.5130603,2.472503,molmim
7.064075,0.9118244,molmim
6.555153,0.8327631,molmim
8.6506815,9.782999,molmim
8.721206,10.313444,molmim
9.066122,9.391349,molmim
8.390077,9.8800745,molmim
5.1821876,3.2556324,molmim
5.6245294,3.8013072,molmim
8.798392,9.951273,molmim
8.900934,9.2621565,molmim
4.1056247,3.2220535,molmim
5.04367,3.090178,molmim
11.841984,-3.5236897,molmim
11.802159,-3.514643,molmim
6.196265,0.923371,molmim
6.0697412,1.0354424,molmim
6.5934234,0.7421222,molmim
6.108314,1.1183776,molmim
4.1610746,2.5212264,molmim
5.7691813,1.0078363,molmim
8.722861,9.651504,molmim
8.955592,9.313444,molmim
5.495163,3.7332945,molmim
8.651299,9.781202,molmim
8.766437,8.993909,molmim
5.4191256,2.8687737,molmim
5.6996055,4.0520496,molmim
4.072742,2.4853387,molmim
3.1543784,2.6535833,molmim
5.7568345,3.4401257,molmim
5.151801,2.7785351,molmim
4.5078163,2.9051206,molmim
5.0353475,3.139446,molmim
5.4315214,3.2161648,molmim
4.321471,2.7216003,molmim
5.6736,3.7906706,molmim
4.543932,3.5221386,molmim
5.050904,2.7458196,molmim
5.1581883,2.7979865,molmim
5.094674,2.7216785,molmim
5.1070113,2.7265954,molmim
5.0355377,2.6864567,molmim
4.309069,2.2951646,molmim
4.804594,2.868402,molmim
5.138685,2.722278,molmim
4.2308717,2.8988042,molmim
4.681841,2.9180815,molmim
5.2426915,2.6402254,molmim
5.1965995,3.4942505,molmim
5.3308053,3.4882336,molmim
5.2837095,3.1102166,molmim
4.549028,3.0117664,molmim
5.252259,3.3615851,molmim
5.2282,3.282054,molmim
5.2379723,3.5111518,molmim
5.2691636,3.3968387,molmim
5.244454,3.367818,molmim
4.6576166,1.5599569,molmim
5.0115795,3.7516296,molmim
4.940374,3.5197415,molmim
4.170257,2.7781575,molmim
4.9565144,2.1496334,molmim
4.3755617,2.8796494,molmim
4.7883973,2.5102105,molmim
4.2127843,2.5262337,molmim
4.779607,3.1012397,molmim
6.444514,4.0622964,molmim
2.4065688,-0.86135674,molmim
4.395679,2.6292033,molmim
4.688392,0.85397065,molmim
4.699391,1.3108729,molmim
4.845669,1.5075923,molmim
4.651477,0.96140033,molmim
2.569459,-0.47608227,molmim
4.636691,1.1241518,molmim
4.4457064,1.058053,molmim
4.8090987,0.9458677,molmim
4.045281,2.5778482,molmim
4.1088924,2.297648,molmim
4.256819,2.3597116,molmim
3.686094,-1.089522,molmim
4.098659,2.3127184,molmim
3.407049,-0.74496835,molmim
4.247204,2.3600988,molmim
4.3173523,2.309115,molmim
4.225297,2.4119425,molmim
3.0656588,5.2668266,molmim
3.017762,5.322152,molmim
3.2367845,4.9681187,molmim
3.0568957,5.155824,molmim
3.1768403,5.0696025,molmim
3.3228207,4.9293666,molmim
5.2896643,1.8697467,molmim
5.2660756,1.0590657,molmim
5.35282,1.8341889,molmim
4.389859,2.4359922,molmim
3.2519946,2.750216,molmim
3.5572562,2.6630385,molmim
3.5842335,2.7354038,molmim
3.0768282,2.7296636,molmim
2.7214794,2.761896,molmim
4.3381333,2.7636197,molmim
3.0694568,2.6463125,molmim
3.5534103,2.5645819,molmim
4.7498384,1.6695092,molmim
4.371975,3.015711,molmim
4.998851,1.7324388,molmim
4.909209,2.0722046,molmim
4.6520796,2.0265927,molmim
4.5507956,2.3023841,molmim
4.466093,2.110909,molmim
4.430063,2.0404506,molmim
4.5438986,2.0955257,molmim
4.668642,1.9528345,molmim
5.125512,1.5159981,molmim
4.568576,2.5293624,molmim
6.955866,9.237027,molmim
5.038721,2.239325,molmim
4.9798584,2.2180493,molmim
4.121639,1.9693799,molmim
4.4290547,1.8878697,molmim
4.955873,2.488373,molmim
4.266703,1.410232,molmim
3.894603,2.8824332,molmim
12.825783,-2.7846658,molmim
12.724808,-3.0608373,molmim
12.800565,-2.8828306,molmim
12.714209,-3.3817503,molmim
12.803271,-2.7565608,molmim
12.825526,-2.8945785,molmim
5.1846747,2.2207534,molmim
5.6258497,1.6050996,molmim
5.658372,1.4282455,molmim
5.1166615,2.528099,molmim
9.526712,9.647706,molmim
8.843892,11.205299,molmim
8.719732,11.4973,molmim
9.162424,10.75704,molmim
8.766567,9.607502,molmim
8.402724,10.382896,molmim
9.061366,8.775327,molmim
5.007841,2.8677049,molmim
4.8144226,2.8203998,molmim
9.515211,9.9386835,molmim
4.6668773,3.109086,molmim
4.6846943,2.996842,molmim
8.65245,9.719579,molmim
8.739461,9.859474,molmim
4.8152075,3.1691341,molmim
5.237997,3.6681905,molmim
4.1870446,2.6388032,molmim
4.694263,2.7821546,molmim
8.457327,10.802006,molmim
9.758655,9.780983,molmim
8.890758,9.797887,molmim
8.996528,9.563202,molmim
5.230815,3.425169,molmim
6.5785327,4.1591315,molmim
5.0851126,3.3191035,molmim
5.603447,3.6480865,molmim
4.7424707,2.320743,molmim
11.114738,9.295035,molmim
11.098727,9.297506,molmim
9.357478,9.876869,molmim
5.00362,3.560757,molmim
9.629557,10.127851,molmim
5.6430945,3.8091943,molmim
6.179429,3.8753843,molmim
2.6476052,-0.5505518,molmim
4.831054,2.6133375,molmim
6.3484406,4.273264,molmim
6.391855,4.2829046,molmim
6.3828382,4.2648416,molmim
6.3585157,4.300328,molmim
5.919049,3.9170249,molmim
6.2596803,4.248324,molmim
6.602914,4.1030397,molmim
6.186759,4.0981126,molmim
6.425469,4.058316,molmim
6.0551715,3.845523,molmim
7.909665,10.986243,molmim
8.942783,9.040706,molmim
6.138291,4.6260257,molmim
8.751145,9.767604,molmim
8.7366,9.704104,molmim
6.143035,4.165454,molmim
8.555544,9.473608,molmim
4.7241907,1.4061452,molmim
3.3901727,-1.3888253,molmim
3.3940456,1.003119,molmim
3.44092,0.9622961,molmim
3.409015,1.0367855,molmim
3.4698205,1.0342419,molmim
3.539563,1.0513215,molmim
3.5028198,1.0385207,molmim
4.2400255,2.5234878,molmim
4.454661,1.290091,molmim
4.4528265,1.4613428,molmim
4.6367774,2.4332647,molmim
4.4653153,1.9104891,molmim
4.936886,2.968191,molmim
4.657968,1.9419767,molmim
4.257303,2.301487,molmim
4.331225,1.58847,molmim
5.1600876,1.3633028,molmim
8.08641,-2.4202454,molmim
7.8710628,0.3306414,molmim
5.466382,1.7470994,molmim
7.7318473,-2.063059,molmim
7.8441267,-1.9181064,molmim
5.4146767,1.0794665,molmim
4.771156,2.3503413,molmim
5.6726704,0.7741976,molmim
4.6357393,2.3387206,molmim
4.3720164,2.3386405,molmim
8.386581,3.6807187,molmim
8.353522,3.566926,molmim
8.211977,3.461244,molmim
8.226277,3.4865742,molmim
8.110571,3.5406334,molmim
8.271265,3.4681292,molmim
7.9802485,3.450331,molmim
8.237124,3.4933577,molmim
5.066274,2.3542523,molmim
12.794928,-2.9094663,molmim
12.458166,-3.1181073,molmim
12.588213,-3.431494,molmim
12.549626,-3.2781126,molmim
12.471503,-3.2208786,molmim
12.420464,-3.2640526,molmim
3.821876,2.9283886,molmim
3.9128287,2.9232497,molmim
5.5452075,1.5867625,molmim
11.789979,-3.400443,molmim
8.963684,9.058654,molmim
5.3523555,3.025386,molmim
5.0071473,2.9800222,molmim
5.253119,3.002463,molmim
5.231591,2.8429964,molmim
3.94979,2.006105,molmim
5.12337,2.596338,molmim
3.482705,3.4214668,molmim
3.4841025,3.395731,molmim
3.7178285,3.358845,molmim
4.017003,3.4842746,molmim
6.0615926,1.0985855,molmim
3.8756342,3.0235176,molmim
3.0893266,3.1131015,molmim
2.5274286,2.8972218,molmim
4.51797,3.4007933,molmim
4.247953,3.4069881,molmim
6.303387,1.6269964,molmim
6.1320925,1.3462538,molmim
6.1044106,1.3936045,molmim
5.2911,1.25725,molmim
5.825501,1.243356,molmim
5.618719,1.3199393,molmim
5.4221635,1.1923009,molmim
6.073727,1.3496104,molmim
5.7373357,1.4961596,molmim
4.510804,2.5222619,molmim
9.681136,9.969766,molmim
9.611053,9.985149,molmim
9.1447115,9.678399,molmim
9.511939,9.857234,molmim
9.0553665,9.650276,molmim
5.129503,3.424372,molmim
9.292488,9.695648,molmim
8.836326,9.5105295,molmim
8.949302,9.058282,molmim
4.8801193,3.1057367,molmim
4.8496766,1.1896944,molmim
4.8194914,1.1416625,molmim
4.8110356,1.4406149,molmim
4.5937347,2.9651904,molmim
4.763881,1.5523545,molmim
4.633036,1.5162776,molmim
4.707585,0.5642913,molmim
4.8281307,2.0878634,molmim
4.7202525,1.2726897,molmim
4.3639274,0.922278,molmim
4.469509,1.34086,molmim
4.6345954,1.1212327,molmim
4.6518307,1.5719676,molmim
5.122571,1.3801506,molmim
5.379159,1.1081686,molmim
5.503595,1.1681305,molmim
4.6366158,2.2357256,molmim
4.984846,2.4025578,molmim
7.8733068,10.964235,molmim
7.872861,10.758746,molmim
9.635935,9.398931,molmim
8.7735195,10.020035,molmim
8.840555,9.743908,molmim
9.027299,8.545071,molmim
5.1777544,3.5528839,molmim
5.816139,3.9474978,molmim
4.9255943,3.2219763,molmim
5.129839,1.893387,molmim
4.1733036,4.0001316,molmim
4.057938,3.6493688,molmim
4.1748004,4.0518966,molmim
4.1724796,3.7968812,molmim
4.418421,3.3288069,molmim
4.243731,3.3555093,molmim
4.6996746,2.7875447,molmim
4.5432587,3.0505395,molmim
4.5038733,3.0352137,molmim
2.4897592,-0.64560014,molmim
5.0680094,1.3228881,molmim
2.608549,-0.56703734,molmim
2.995667,-0.16357863,molmim
4.69644,1.2891915,molmim
4.725111,1.0582616,molmim
3.5166242,-0.5969052,molmim
4.7776365,1.595028,molmim
8.350345,-9.326528,claude_scaffold
8.277017,-9.242563,claude_scaffold
8.27529,-9.253376,claude_scaffold
8.278151,-9.256538,claude_scaffold
8.267165,-9.273986,claude_scaffold
8.284194,-9.248598,claude_scaffold
8.25506,-9.254307,claude_scaffold
8.30757,-9.273939,claude_scaffold
8.253512,-9.268339,claude_scaffold
8.306001,-9.223571,claude_scaffold
8.81388,7.750804,claude_scaffold
8.8039465,7.774607,claude_scaffold
8.771758,7.7104096,claude_scaffold
8.820211,7.7635956,claude_scaffold
8.806327,7.7527566,claude_scaffold
8.790024,7.728419,claude_scaffold
8.871773,7.767648,claude_scaffold
8.7870245,7.748048,claude_scaffold
8.8175335,7.7543473,claude_scaffold
8.787543,7.7269387,claude_scaffold
8.805155,7.7521844,claude_scaffold
8.776073,7.720917,claude_scaffold
9.641635,10.150062,claude_scaffold
9.400329,9.782002,claude_scaffold
9.47625,10.719377,claude_scaffold
9.44331,9.823857,claude_scaffold
9.701309,10.235689,claude_scaffold
8.526863,10.774564,claude_scaffold
9.761306,10.280474,claude_scaffold
9.535723,10.924716,claude_scaffold
9.413943,9.70779,claude_scaffold
9.730881,10.229154,claude_scaffold
9.352342,9.792084,claude_scaffold
9.512667,10.698696,claude_scaffold
8.789948,10.921393,claude_scaffold
9.700684,10.231916,claude_scaffold
8.901019,10.858005,claude_scaffold
9.4485855,9.778565,claude_scaffold
9.455303,10.986298,claude_scaffold
7.125338,9.930279,claude_scaffold
7.0399604,9.779893,claude_scaffold
7.227353,10.051487,claude_scaffold
6.9409504,9.844094,claude_scaffold
6.9376073,9.847692,claude_scaffold
7.1488004,9.912253,claude_scaffold
7.0583196,9.9364395,claude_scaffold
6.9597497,9.794317,claude_scaffold
7.149702,9.959466,claude_scaffold
7.0169215,9.889612,claude_scaffold
7.100057,9.805586,claude_scaffold
7.0256023,9.823751,claude_scaffold
7.2282887,10.067331,claude_scaffold
6.919946,9.807914,claude_scaffold
7.0574384,9.903238,claude_scaffold
7.0452294,9.863645,claude_scaffold
6.9608126,9.817436,claude_scaffold
7.0629,9.916944,claude_scaffold
6.9389687,9.81328,claude_scaffold
3.7715814,-1.2395663,claude_scaffold
3.6732435,-1.180894,claude_scaffold
3.658529,-1.1478819,claude_scaffold
3.6277926,-1.1803446,claude_scaffold
3.6852667,-1.1601329,claude_scaffold
3.593677,-1.1564404,claude_scaffold
3.5928242,-1.1566021,claude_scaffold
3.5666325,-1.1981027,claude_scaffold
3.7095704,-1.1441909,claude_scaffold
3.5547762,-1.1415541,claude_scaffold
12.780468,-4.0017843,claude_scaffold
12.46173,-3.7189405,claude_scaffold
13.034196,-3.793039,claude_scaffold
12.947892,-3.727847,claude_scaffold
12.867142,-4.0291543,claude_scaffold
12.651543,-3.9104927,claude_scaffold
12.846386,-3.9216006,claude_scaffold
13.031608,-3.9388766,claude_scaffold
13.069206,-3.9569957,claude_scaffold
12.811165,-3.9987764,claude_scaffold
12.395104,-3.7089374,claude_scaffold
12.682412,-3.8640757,claude_scaffold
13.015659,-3.8320932,claude_scaffold
12.912567,-3.7424688,claude_scaffold
13.030268,-3.698605,claude_scaffold
12.857488,-4.0514474,claude_scaffold
12.559853,-4.071521,claude_scaffold
12.72694,-4.089866,claude_scaffold
5.6796737,-0.11934798,claude_scaffold
5.5950484,-0.28004107,claude_scaffold
5.6227565,-0.21350378,claude_scaffold
5.4352055,0.091272995,claude_scaffold
5.666916,-0.17770703,claude_scaffold
5.6619806,-0.3766438,claude_scaffold
5.6361666,-0.11026968,claude_scaffold
5.584159,-0.3201155,claude_scaffold
5.646393,-0.087456286,claude_scaffold
5.5547905,-0.2750528,claude_scaffold
5.578239,-0.1655912,claude_scaffold
5.684289,-0.08276389,claude_scaffold
5.608902,-0.049414173,claude_scaffold
5.6194644,-0.3389549,claude_scaffold
5.559052,-0.3378835,claude_scaffold
2.1420915,2.915025,claude_scaffold
2.0987573,2.7998114,claude_scaffold
2.1193547,2.826298,claude_scaffold
2.0977173,2.8946135,claude_scaffold
2.1651814,2.8379657,claude_scaffold
2.0826523,2.8690412,claude_scaffold
2.1453147,2.8198533,claude_scaffold
2.1007364,2.8392215,claude_scaffold
2.0194116,2.7872689,claude_scaffold
2.0582244,2.7956057,claude_scaffold
2.1480577,2.8595462,claude_scaffold
2.212888,2.8310916,claude_scaffold
2.120535,2.8332806,claude_scaffold
2.110092,2.762668,claude_scaffold
2.1507728,2.8534842,claude_scaffold
2.0458632,2.775069,claude_scaffold
2.2598972,2.7441425,claude_scaffold
2.129118,2.8709764,claude_scaffold
2.1261811,2.8102958,claude_scaffold
11.675129,-3.2656174,claude_scaffold
11.910897,-3.6699271,claude_scaffold
12.050538,-3.6979146,claude_scaffold
11.583753,-3.5913227,claude_scaffold
11.681362,-3.9059317,claude_scaffold
11.853161,-3.9620442,claude_scaffold
11.811639,-3.946157,claude_scaffold
11.669559,-3.3070097,claude_scaffold
12.1183,-3.6027865,claude_scaffold
12.037842,-3.7299545,claude_scaffold
11.809659,-3.5770514,claude_scaffold
11.658605,-3.3692207,claude_scaffold
11.504809,-3.1842492,claude_scaffold
11.551487,-3.7184088,claude_scaffold
11.533824,-3.1730494,claude_scaffold
11.899217,-3.991429,claude_scaffold
9.101851,10.716985,claude_scaffold
8.678074,11.073382,claude_scaffold
8.390427,11.046332,claude_scaffold
7.843068,11.076896,claude_scaffold
8.546707,11.02675,claude_scaffold
9.658826,10.121141,claude_scaffold
8.911216,10.854253,claude_scaffold
8.740562,11.102597,claude_scaffold
8.82826,10.85357,claude_scaffold
9.535807,9.712659,claude_scaffold
9.705051,10.125824,claude_scaffold
9.657451,10.15775,claude_scaffold
9.69298,9.780558,claude_scaffold
9.64375,10.28633,claude_scaffold
9.499091,10.212547,claude_scaffold
9.55067,9.975485,claude_scaffold
9.248649,10.437137,claude_scaffold
9.521405,10.61943,claude_scaffold
9.409009,10.802929,claude_scaffold
3.8968902,1.226643,claude_scaffold
4.0099244,1.2711616,claude_scaffold
4.028995,1.3120391,claude_scaffold
3.8988023,1.2417161,claude_scaffold
4.082243,1.2725538,claude_scaffold
4.1239867,1.308073,claude_scaffold
3.8994427,1.2432493,claude_scaffold
4.064668,1.3009717,claude_scaffold
4.0315323,1.1981524,claude_scaffold
3.884807,1.2679844,claude_scaffold
3.876692,1.2283044,claude_scaffold
3.9693058,1.2887981,claude_scaffold
3.8777459,1.2741543,claude_scaffold
4.116454,1.3248847,claude_scaffold
11.686643,-3.2616215,claude_scaffold
12.10269,-3.6562662,claude_scaffold
12.097207,-3.7271342,claude_scaffold
11.942336,-3.946092,claude_scaffold
11.81678,-3.7245996,claude_scaffold
11.820696,-3.886793,claude_scaffold
11.691424,-3.7875545,claude_scaffold
11.628406,-3.7775056,claude_scaffold
11.456061,-3.85606,claude_scaffold
12.073226,-3.600086,claude_scaffold
12.024233,-3.7178845,claude_scaffold
11.792561,-3.7430513,claude_scaffold
11.654847,-3.2387033,claude_scaffold
12.043293,-3.5987916,claude_scaffold
11.8594265,-3.9389703,claude_scaffold
11.832619,-3.8628542,claude_scaffold
11.905576,-3.9671626,claude_scaffold
8.594919,10.578251,claude_scaffold
8.42889,10.382934,claude_scaffold
8.6687355,10.692434,claude_scaffold
8.727812,10.718432,claude_scaffold
7.927543,11.057206,claude_scaffold
8.651663,10.950342,claude_scaffold
8.658477,11.024989,claude_scaffold
8.656576,10.590362,claude_scaffold
8.548498,11.3263035,claude_scaffold
9.426159,9.685308,claude_scaffold
8.607276,10.605471,claude_scaffold
8.465414,10.443488,claude_scaffold
8.511557,10.366604,claude_scaffold
8.645916,10.668004,claude_scaffold
8.684897,11.038695,claude_scaffold
8.712449,10.792089,claude_scaffold
8.599887,10.62963,claude_scaffold
8.699382,10.552915,claude_scaffold
12.099425,3.7061272,claude_scaffold
12.072481,3.7244666,claude_scaffold
11.919151,3.8157246,claude_scaffold
11.93464,3.844461,claude_scaffold
12.000465,3.7973955,claude_scaffold
12.092041,3.7152941,claude_scaffold
11.962982,3.8212981,claude_scaffold
12.072062,3.7357824,claude_scaffold
11.922186,3.835203,claude_scaffold
12.050306,3.7507994,claude_scaffold
11.909917,3.8513572,claude_scaffold
12.059657,3.7358677,claude_scaffold
12.107895,3.7002428,claude_scaffold
9.477089,9.724165,claude_scaffold
9.680734,10.186269,claude_scaffold
9.121299,10.941901,claude_scaffold
9.143597,10.978737,claude_scaffold
9.040078,10.961526,claude_scaffold
9.16069,10.991976,claude_scaffold
9.080039,10.991858,claude_scaffold
9.080328,10.976079,claude_scaffold
8.868133,11.113565,claude_scaffold
9.111623,10.951526,claude_scaffold
12.777543,-3.981662,claude_scaffold
12.3569975,-3.7611885,claude_scaffold
12.703339,-4.0764256,claude_scaffold
12.928867,-3.7742026,claude_scaffold
12.520746,-4.162395,claude_scaffold
12.999729,-3.8632977,claude_scaffold
12.76288,-4.04309,claude_scaffold
12.626798,-4.084738,claude_scaffold
12.782889,-3.9548552,claude_scaffold
12.367384,-3.7189646,claude_scaffold
12.69595,-3.8883398,claude_scaffold
12.711479,-4.0565495,claude_scaffold
12.626338,-4.115921,claude_scaffold
12.5854,-4.092034,claude_scaffold
2.2772245,-1.0490725,claude_scaffold
2.088977,-1.200972,claude_scaffold
2.318747,-1.024327,claude_scaffold
2.0177703,-1.3036356,claude_scaffold
2.1205456,-1.1314398,claude_scaffold
2.2086864,-1.0612619,claude_scaffold
2.334599,-1.0274698,claude_scaffold
2.3992343,-1.124996,claude_scaffold
2.285304,-1.596553,claude_scaffold
2.2353554,-1.2720404,claude_scaffold
4.353657,3.646723,claude_scaffold
4.3565984,3.7726338,claude_scaffold
4.425287,3.7280302,claude_scaffold
4.40051,3.7313988,claude_scaffold
4.390587,3.8082368,claude_scaffold
4.476223,3.6954772,claude_scaffold
4.382498,3.759692,claude_scaffold
4.3799562,3.849941,claude_scaffold
4.4362516,3.740977,claude_scaffold
4.3286247,3.7878215,claude_scaffold
2.0717015,3.5608802,claude_scaffold
1.9603904,3.4868064,claude_scaffold
1.9819094,3.4913576,claude_scaffold
1.9705213,3.709263,claude_scaffold
1.9036053,3.6560454,claude_scaffold
2.0455258,3.5631287,claude_scaffold
1.949269,3.6830382,claude_scaffold
1.9592149,3.6593552,claude_scaffold
2.0016217,3.6281958,claude_scaffold
1.8709922,3.6125548,claude_scaffold
1.963327,3.7102015,claude_scaffold
1.9259614,3.7004204,claude_scaffold
7.7202387,0.44973066,claude_scaffold
7.4101515,0.57005674,claude_scaffold
7.728497,0.3225578,claude_scaffold
7.6432405,0.46075043,claude_scaffold
7.8244324,0.35523316,claude_scaffold
7.7921734,0.35831204,claude_scaffold
7.8059225,0.36798108,claude_scaffold
7.46933,0.5857017,claude_scaffold
7.7712893,0.41245753,claude_scaffold
7.3806696,0.5781247,claude_scaffold
7.8085227,0.37707373,claude_scaffold
7.8539896,0.31219426,claude_scaffold
7.829893,0.3530003,claude_scaffold
7.8532276,0.38555682,claude_scaffold
7.771821,0.37914646,claude_scaffold
7.813485,0.37077028,claude_scaffold
7.785995,0.388377,claude_scaffold
7.8859878,0.3279851,claude_scaffold
2.040346,3.7039864,claude_scaffold
2.0819604,3.6965957,claude_scaffold
2.0386858,3.6557333,claude_scaffold
2.0130377,3.6610847,claude_scaffold
2.0545728,3.6596742,claude_scaffold
1.9247918,3.5820994,claude_scaffold
1.9657137,3.5972004,claude_scaffold
1.997455,3.708001,claude_scaffold
1.909768,3.6754816,claude_scaffold
2.059728,3.6667175,claude_scaffold
2.0075152,3.6634548,claude_scaffold
2.0405095,3.5359075,claude_scaffold
2.0374773,3.7487001,claude_scaffold
6.8691454,-0.46086648,claude_scaffold
6.8295083,-0.4191441,claude_scaffold
6.951229,-0.5435213,claude_scaffold
7.008894,-0.60364825,claude_scaffold
6.9986773,-0.5705199,claude_scaffold
6.880766,-0.43636313,claude_scaffold
7.013751,-0.5883207,claude_scaffold
6.8760676,-0.47620526,claude_scaffold
6.858544,-0.44371197,claude_scaffold
7.028231,-0.6055843,claude_scaffold
7.040797,-0.6041994,claude_scaffold
6.992679,-0.56984836,claude_scaffold
6.995187,-0.57686305,claude_scaffold
6.938185,-0.5706689,claude_scaffold
6.9669385,-0.5363368,claude_scaffold
6.033723,-1.8943992,claude_scaffold
6.122458,-1.9893721,claude_scaffold
6.032273,-1.8958344,claude_scaffold
6.074627,-1.9452488,claude_scaffold
6.0761952,-1.9856232,claude_scaffold
6.144399,-2.0154297,claude_scaffold
6.105975,-1.9790283,claude_scaffold
6.0520077,-1.9335129,claude_scaffold
6.1220164,-1.9781468,claude_scaffold
6.0738325,-1.9525064,claude_scaffold
7.448407,1.5298463,claude_scaffold
7.3663,1.4067528,claude_scaffold
7.3849187,1.3490857,claude_scaffold
7.413105,1.5114511,claude_scaffold
7.4881487,1.5041367,claude_scaffold
7.4242463,1.4682294,claude_scaffold
7.4855347,1.5502508,claude_scaffold
7.519628,1.5813438,claude_scaffold
7.460291,1.5465131,claude_scaffold
7.480607,1.5467365,claude_scaffold
8.5339775,11.60291,claude_scaffold
7.9321003,11.107297,claude_scaffold
8.948986,10.945566,claude_scaffold
9.489187,10.716892,claude_scaffold
8.473149,10.965213,claude_scaffold
8.597638,10.994308,claude_scaffold
9.588205,10.990389,claude_scaffold
8.317036,11.978915,claude_scaffold
8.598744,11.6689415,claude_scaffold
9.732349,10.1535635,claude_scaffold
9.437757,9.616478,claude_scaffold
9.574297,10.7436075,claude_scaffold
8.933538,10.8206005,claude_scaffold
8.658949,10.924972,claude_scaffold
8.4434395,10.983231,claude_scaffold
9.712478,10.268624,claude_scaffold
8.561699,10.904592,claude_scaffold
8.4777,10.775355,claude_scaffold
5.14863,0.70051736,claude_scaffold
5.207049,0.6820207,claude_scaffold
5.154652,0.617726,claude_scaffold
5.241131,0.80260915,claude_scaffold
5.180141,0.6343965,claude_scaffold
5.1389136,0.6337694,claude_scaffold
5.236618,0.6068003,claude_scaffold
5.1958904,0.8354843,claude_scaffold
5.1842246,0.6260035,claude_scaffold
5.0751157,0.77163047,claude_scaffold
3.7251563,-1.256944,claude_scaffold
3.5178208,-1.2330717,claude_scaffold
3.6094046,-1.1790568,claude_scaffold
3.6069586,-1.2820711,claude_scaffold
3.6730642,-1.198579,claude_scaffold
3.6423059,-1.2012084,claude_scaffold
3.6265042,-1.1840246,claude_scaffold
3.4716663,-1.2719336,claude_scaffold
3.6031165,-1.2733831,claude_scaffold
3.4847686,-1.2720854,claude_scaffold
3.2424517,2.55765,claude_scaffold
2.9443347,2.539773,claude_scaffold
3.193305,2.6658456,claude_scaffold
2.875988,2.5532262,claude_scaffold
3.0911453,2.5920584,claude_scaffold
2.970734,2.5367677,claude_scaffold
3.16338,2.6323128,claude_scaffold
2.9334652,2.5299563,claude_scaffold
3.100257,2.7158804,claude_scaffold
2.9643698,2.6813781,claude_scaffold
7.260184,0.86783206,claude_scaffold
7.016541,0.8328272,claude_scaffold
7.2045918,0.9604874,claude_scaffold
7.209733,0.97445464,claude_scaffold
7.167568,0.8959309,claude_scaffold
7.139816,0.8245747,claude_scaffold
7.0342784,1.0414408,claude_scaffold
7.1240435,0.8622791,claude_scaffold
7.176923,0.8626693,claude_scaffold
7.1855807,0.9057343,claude_scaffold
8.790597,12.138113,claude_scaffold
8.763718,11.488788,claude_scaffold
8.954176,11.898322,claude_scaffold
8.565525,11.641363,claude_scaffold
9.033709,11.878086,claude_scaffold
8.766457,12.134779,claude_scaffold
8.780664,12.063441,claude_scaffold
8.78475,12.170474,claude_scaffold
8.756189,12.073813,claude_scaffold
8.619693,11.59864,claude_scaffold
8.980963,11.895316,claude_scaffold
8.815323,12.061662,claude_scaffold
8.801469,12.113187,claude_scaffold
8.999712,11.885671,claude_scaffold
8.605633,11.749517,claude_scaffold
8.7484045,11.961457,claude_scaffold
8.682359,12.051708,claude_scaffold
11.667035,-3.221814,claude_scaffold
12.123362,-3.695379,claude_scaffold
12.024186,-3.6746292,claude_scaffold
11.46979,-3.667304,claude_scaffold
11.913897,-3.9382339,claude_scaffold
11.86099,-3.9536045,claude_scaffold
5.9652534,1.0035728,claude_scaffold
11.892025,-3.8916216,claude_scaffold
11.831365,-3.8663642,claude_scaffold
11.687965,-3.2216785,claude_scaffold
12.070968,-3.6373525,claude_scaffold
12.062848,-3.7118652,claude_scaffold
11.907234,-3.9491835,claude_scaffold
11.938823,-3.9830744,claude_scaffold
11.849964,-3.890562,claude_scaffold
10.6336565,12.222361,claude_scaffold
10.548119,11.923991,claude_scaffold
9.934267,11.687608,claude_scaffold
10.030795,11.593185,claude_scaffold
8.320304,11.955353,claude_scaffold
10.455854,11.819832,claude_scaffold
10.520759,11.907538,claude_scaffold
10.394801,11.951797,claude_scaffold
10.611134,12.23131,claude_scaffold
10.685508,11.746658,claude_scaffold
9.972039,11.65352,claude_scaffold
10.132597,11.7416935,claude_scaffold
10.476977,11.946613,claude_scaffold
10.223595,11.510509,claude_scaffold
10.167636,11.75617,claude_scaffold
10.553263,12.014837,claude_scaffold
-7.192143,-3.2309628,claude_scaffold
-7.2170496,-3.2812693,claude_scaffold
-7.1909347,-3.2512634,claude_scaffold
-7.2361236,-3.310058,claude_scaffold
-7.2371006,-3.3018432,claude_scaffold
-7.1971846,-3.3120408,claude_scaffold
-7.250291,-3.2949739,claude_scaffold
-7.2709565,-3.310486,claude_scaffold
-7.171627,-3.2254443,claude_scaffold
-7.1416483,-3.1983027,claude_scaffold
-7.32081,-3.4659789,claude_scaffold
-7.3495474,-3.3913832,claude_scaffold
-7.3187804,-3.4136944,claude_scaffold
-7.4446764,-3.3363776,claude_scaffold
-7.4047937,-3.339832,claude_scaffold
-7.407495,-3.2747588,claude_scaffold
-7.426006,-3.3313391,claude_scaffold
-7.405069,-3.3591688,claude_scaffold
-7.396472,-3.3469756,claude_scaffold
-7.442579,-3.347777,claude_scaffold
5.340434,3.4741585,claude_scaffold
5.1723104,3.1647527,claude_scaffold
5.325399,3.4575787,claude_scaffold
5.2259803,3.3854644,claude_scaffold
5.168033,3.0707722,claude_scaffold
5.234882,3.2218292,claude_scaffold
5.220496,3.461346,claude_scaffold
5.231562,3.3634977,claude_scaffold
5.2021046,3.4899755,claude_scaffold
5.2971907,3.4753878,claude_scaffold
5.358505,3.4067442,claude_scaffold
5.0912924,3.1185138,claude_scaffold
5.2399564,3.4087436,claude_scaffold
5.185225,3.1673076,claude_scaffold
5.2945285,3.2256246,claude_scaffold
5.262925,3.3923635,claude_scaffold
5.234578,3.562156,claude_scaffold
5.2345653,3.4288902,claude_scaffold
-8.649609,-2.376176,claude_scaffold
-8.548582,-2.4794881,claude_scaffold
-8.4948845,-2.5165389,claude_scaffold
-8.614476,-2.4147074,claude_scaffold
-8.557856,-2.4352489,claude_scaffold
-8.601008,-2.4217284,claude_scaffold
-8.612327,-2.409875,claude_scaffold
-8.61189,-2.4106274,claude_scaffold
-8.587602,-2.46323,claude_scaffold
-8.607702,-2.4137723,claude_scaffold
2.2861972,-1.6398808,claude_scaffold
2.2786224,-1.5385969,claude_scaffold
2.3801136,-1.5530223,claude_scaffold
2.238233,-1.6199656,claude_scaffold
2.2541628,-1.2837778,claude_scaffold
2.2921603,-1.526875,claude_scaffold
2.2246509,-1.5298063,claude_scaffold
2.2282,-1.5988094,claude_scaffold
2.2819176,-1.5661465,claude_scaffold
2.3383605,-1.5450611,claude_scaffold
2.3817844,-1.5335157,claude_scaffold
2.3525617,-1.4220288,claude_scaffold
2.3461123,-1.5571765,claude_scaffold
2.3612227,-1.5219346,claude_scaffold
2.3103108,-1.5015574,claude_scaffold
2.13539,-1.4289923,claude_scaffold
2.344038,-1.5037117,claude_scaffold
2.3426337,-1.4713523,claude_scaffold
3.0905385,-1.8096333,claude_scaffold
3.017738,-1.7504798,claude_scaffold
3.0572484,-1.7950287,claude_scaffold
3.0718012,-1.7494789,claude_scaffold
3.1095824,-1.7961178,claude_scaffold
3.1524189,-1.739816,claude_scaffold
3.0156436,-1.5345411,claude_scaffold
4.6598763,0.4583895,claude_scaffold
3.148112,-1.7752365,claude_scaffold
3.1024349,-1.8128331,claude_scaffold
2.9743862,5.3713017,claude_scaffold
3.016311,5.327093,claude_scaffold
2.9514947,5.411614,claude_scaffold
2.9130332,5.4692307,claude_scaffold
3.007507,5.3307247,claude_scaffold
2.9508636,5.4037676,claude_scaffold
2.9521577,5.406107,claude_scaffold
2.95308,5.4052863,claude_scaffold
2.9520645,5.4058566,claude_scaffold
2.968646,5.3871865,claude_scaffold
3.127726,2.6032217,claude_scaffold
3.1523926,2.6571417,claude_scaffold
3.1977386,2.5818958,claude_scaffold
3.6153824,2.6923625,claude_scaffold
3.1715636,2.6308033,claude_scaffold
3.2548876,2.5587296,claude_scaffold
3.0994048,2.549729,claude_scaffold
3.1570776,2.605863,claude_scaffold
3.126479,2.5991368,claude_scaffold
3.126503,2.5859015,claude_scaffold
10.074284,1.651523,claude_scaffold
10.072157,1.6511577,claude_scaffold
10.073642,1.6533417,claude_scaffold
10.071001,1.6266457,claude_scaffold
10.131975,1.5972686,claude_scaffold
10.118021,1.6112782,claude_scaffold
10.071724,1.6524067,claude_scaffold
10.078273,1.6490772,claude_scaffold
10.069097,1.6553423,claude_scaffold
10.097149,1.7081729,claude_scaffold
7.0537186,9.240173,claude_scaffold
7.0811234,9.256422,claude_scaffold
7.0741873,9.230889,claude_scaffold
7.136556,9.445079,claude_scaffold
7.023478,9.192622,claude_scaffold
7.052251,9.240575,claude_scaffold
7.025922,9.212319,claude_scaffold
7.038489,9.212803,claude_scaffold
7.0375957,9.231438,claude_scaffold
7.0208173,9.201796,claude_scaffold
7.0354204,9.210949,claude_scaffold
7.0179124,9.2109165,claude_scaffold
7.0497637,9.233028,claude_scaffold
7.002925,9.185618,claude_scaffold
7.0355315,9.21987,claude_scaffold
7.035988,9.221759,claude_scaffold
7.0436435,9.230804,claude_scaffold
12.678392,-2.7891228,claude_scaffold
12.834803,-3.2115233,claude_scaffold
12.653086,-2.891091,claude_scaffold
12.86446,-3.2911203,claude_scaffold
12.957329,-3.0967515,claude_scaffold
12.779036,-2.8783433,claude_scaffold
12.663892,-2.8166323,claude_scaffold
12.879158,-3.1702676,claude_scaffold
12.822715,-2.974408,claude_scaffold
12.662514,-2.9073772,claude_scaffold
12.963732,-3.170025,claude_scaffold
7.9560347,11.1038065,claude_scaffold
8.552622,11.615244,claude_scaffold
8.473502,11.146336,claude_scaffold
8.354786,11.936375,claude_scaffold
8.469741,11.429524,claude_scaffold
8.545633,11.546184,claude_scaffold
8.635388,11.009475,claude_scaffold
8.480649,11.693006,claude_scaffold
8.485446,11.564852,claude_scaffold
7.903169,11.0480385,claude_scaffold
8.515564,11.195908,claude_scaffold
8.433712,11.501422,claude_scaffold
9.510971,10.853201,claude_scaffold
8.323007,11.965447,claude_scaffold
8.4809265,11.6686,claude_scaffold
8.529011,11.391625,claude_scaffold
10.4534235,11.832456,claude_scaffold
9.464441,11.151648,claude_scaffold
8.6511,10.619264,claude_scaffold
8.544128,10.483267,claude_scaffold
8.330028,10.519963,claude_scaffold
8.41107,10.501352,claude_scaffold
8.522056,10.632725,claude_scaffold
8.639135,10.649659,claude_scaffold
8.35512,10.480989,claude_scaffold
8.363616,10.435394,claude_scaffold
9.586385,10.265246,claude_scaffold
9.385498,9.721519,claude_scaffold
9.545154,10.51754,claude_scaffold
9.422313,9.921076,claude_scaffold
9.647355,10.305132,claude_scaffold
8.664599,10.727149,claude_scaffold
9.684147,10.257055,claude_scaffold
9.302375,9.865419,claude_scaffold
8.612147,10.444513,claude_scaffold
10.561028,12.033438,claude_scaffold
10.650887,12.144717,claude_scaffold
10.713229,11.752503,claude_scaffold
10.816961,11.591619,claude_scaffold
10.818509,11.714918,claude_scaffold
10.522119,11.963297,claude_scaffold
10.813846,11.55145,claude_scaffold
10.859048,11.546294,claude_scaffold
10.771947,11.611354,claude_scaffold
10.613658,12.24851,claude_scaffold
10.605468,11.832116,claude_scaffold
10.739895,11.674557,claude_scaffold
10.8323965,11.572361,claude_scaffold
10.836551,11.698409,claude_scaffold
10.601429,11.966996,claude_scaffold
10.816812,11.58143,claude_scaffold
10.828858,11.534999,claude_scaffold
10.743538,11.593251,claude_scaffold
11.040813,9.280977,claude_scaffold
11.143077,9.358068,claude_scaffold
11.121713,9.322429,claude_scaffold
11.185331,9.421896,claude_scaffold
11.121913,9.417437,claude_scaffold
11.143028,9.35505,claude_scaffold
11.166634,9.366285,claude_scaffold
11.140433,9.363575,claude_scaffold
11.113139,9.390993,claude_scaffold
11.10321,9.319367,claude_scaffold
11.20359,9.392252,claude_scaffold
11.137475,9.352109,claude_scaffold
11.132295,9.356556,claude_scaffold
11.151393,9.351921,claude_scaffold
11.1034155,9.3926325,claude_scaffold
11.03241,9.451933,claude_scaffold
11.16647,9.37943,claude_scaffold
11.140906,9.395276,claude_scaffold
6.4393535,4.0882998,claude_scaffold
6.256976,4.33611,claude_scaffold
6.4641914,4.078754,claude_scaffold
6.512315,4.1001096,claude_scaffold
6.245552,4.374749,claude_scaffold
6.2845783,4.328138,claude_scaffold
6.28932,4.338585,claude_scaffold
6.3778577,4.34617,claude_scaffold
6.3687797,4.2739296,claude_scaffold
6.4599414,4.154848,claude_scaffold
6.312602,4.3288383,claude_scaffold
6.4048414,4.2723575,claude_scaffold
6.260055,4.3322487,claude_scaffold
6.3977866,4.2953286,claude_scaffold
6.361055,4.264961,claude_scaffold
6.3106837,4.3190303,claude_scaffold
6.227773,4.2693853,claude_scaffold
6.2779207,4.317413,claude_scaffold
6.278348,4.3156805,claude_scaffold
10.825403,11.606769,claude_scaffold
10.587819,12.202222,claude_scaffold
10.553415,12.25885,claude_scaffold
10.677932,12.243785,claude_scaffold
10.602954,12.217472,claude_scaffold
10.492214,11.995649,claude_scaffold
10.547428,12.158501,claude_scaffold
10.777935,11.61677,claude_scaffold
10.532606,12.0107155,claude_scaffold
10.1138935,11.704622,claude_scaffold
10.685651,12.307493,claude_scaffold
10.532801,12.348206,claude_scaffold
10.057432,11.678569,claude_scaffold
10.623989,12.200596,claude_scaffold
3.479179,0.9811006,claude_scaffold
3.5189576,1.0694581,claude_scaffold
3.6929355,1.0831587,claude_scaffold
3.4821818,0.99714446,claude_scaffold
3.727408,1.1990689,claude_scaffold
3.466811,1.0109649,claude_scaffold
3.4612257,1.0611645,claude_scaffold
3.615839,1.1085219,claude_scaffold
3.4621518,1.0122026,claude_scaffold
3.4682841,0.98661023,claude_scaffold
3.4835732,1.0495284,claude_scaffold
3.5410829,1.0090777,claude_scaffold
3.4571934,0.9895417,claude_scaffold
3.6595156,0.9711868,claude_scaffold
3.4444184,0.97421396,claude_scaffold
3.510839,1.0301322,claude_scaffold
3.9720373,-3.9117517,claude_scaffold
3.942597,-3.8321314,claude_scaffold
3.9922316,-3.8898787,claude_scaffold
3.9359875,-3.9320083,claude_scaffold
3.9071133,-3.974083,claude_scaffold
3.9500494,-3.92571,claude_scaffold
3.9602134,-3.930491,claude_scaffold
3.915155,-3.9210193,claude_scaffold
4.0101357,-3.8947394,claude_scaffold
3.928067,-3.9641097,claude_scaffold
3.920333,-3.9540508,claude_scaffold
3.9440923,-3.9050217,claude_scaffold
3.9297032,-3.9345734,claude_scaffold
3.9376206,-3.8852782,claude_scaffold
3.9528923,-3.9293194,claude_scaffold
8.063641,-2.4022582,claude_scaffold
8.018139,-2.2800918,claude_scaffold
8.10008,-2.331004,claude_scaffold
8.048165,-2.4019578,claude_scaffold
8.12517,-2.452399,claude_scaffold
8.083565,-2.4381177,claude_scaffold
8.001708,-2.3437254,claude_scaffold
8.049087,-2.4336166,claude_scaffold
8.078426,-2.4328804,claude_scaffold
8.088039,-2.4412072,claude_scaffold
7.9579864,-2.2883453,claude_scaffold
8.059474,-2.3573906,claude_scaffold
8.095156,-2.396709,claude_scaffold
8.059381,-2.4094033,claude_scaffold
8.0740385,-2.3673172,claude_scaffold
8.052894,-2.386127,claude_scaffold
8.089041,-2.3791966,claude_scaffold
8.109801,-2.3681874,claude_scaffold
8.102346,-2.44838,claude_scaffold
8.450968,3.6637297,claude_scaffold
8.454357,3.6433613,claude_scaffold
8.432283,3.6498826,claude_scaffold
8.480455,3.6899168,claude_scaffold
8.410125,3.6196103,claude_scaffold
8.414748,3.631838,claude_scaffold
8.430925,3.6453578,claude_scaffold
8.471635,3.6700401,claude_scaffold
8.463648,3.677751,claude_scaffold
8.457706,3.666737,claude_scaffold
12.732121,-2.8255103,claude_scaffold
12.930075,-3.1856632,claude_scaffold
12.637501,-2.9547803,claude_scaffold
13.037889,-3.1692822,claude_scaffold
12.590862,-2.9927826,claude_scaffold
12.922834,-3.2025414,claude_scaffold
12.720697,-2.7929838,claude_scaffold
12.917386,-3.2170045,claude_scaffold
12.647705,-2.9850664,claude_scaffold
12.831372,-3.2420876,claude_scaffold
12.688485,-3.1047494,claude_scaffold
10.150799,16.77743,claude_scaffold
10.154519,16.648548,claude_scaffold
10.110104,16.736788,claude_scaffold
10.182077,16.806963,claude_scaffold
10.0577345,16.68456,claude_scaffold
10.17394,16.800276,claude_scaffold
10.115151,16.739359,claude_scaffold
10.204405,16.83033,claude_scaffold
10.093368,16.751373,claude_scaffold
10.176692,16.802715,claude_scaffold
10.048634,16.631968,claude_scaffold
10.164283,16.786966,claude_scaffold
10.196075,16.799997,claude_scaffold
10.082676,16.701374,claude_scaffold
10.107345,16.732847,claude_scaffold
10.136951,16.79729,claude_scaffold
10.10856,16.717636,claude_scaffold
10.086874,16.70957,claude_scaffold
10.146007,16.765116,claude_scaffold
3.365879,3.3075192,claude_scaffold
3.8555944,3.3285744,claude_scaffold
3.3497734,3.3603141,claude_scaffold
3.7210069,3.3780608,claude_scaffold
3.3462555,3.3295054,claude_scaffold
3.4063334,3.3717093,claude_scaffold
3.5884373,3.39563,claude_scaffold
3.3990905,3.3750184,claude_scaffold
3.311097,3.3647754,claude_scaffold
3.3181205,3.3911269,claude_scaffold
6.657154,1.417198,claude_scaffold
6.3660855,1.6430705,claude_scaffold
6.5524263,1.6701367,claude_scaffold
6.6073885,1.5326952,claude_scaffold
6.5311003,1.6747477,claude_scaffold
6.546106,1.6733471,claude_scaffold
6.6178203,1.5036097,claude_scaffold
6.540634,1.6745702,claude_scaffold
6.6858196,1.4631429,claude_scaffold
6.5975623,1.6617947,claude_scaffold
6.6415854,1.5129662,claude_scaffold
6.7350483,1.4771692,claude_scaffold
6.6840134,1.4895933,claude_scaffold
6.664267,1.4974852,claude_scaffold
9.693876,9.913667,claude_scaffold
9.662647,9.449026,claude_scaffold
9.744095,10.463469,claude_scaffold
9.69193,10.144413,claude_scaffold
9.750956,9.4963255,claude_scaffold
9.731248,10.142754,claude_scaffold
9.717122,9.478443,claude_scaffold
9.520078,10.230569,claude_scaffold
9.603205,10.1840725,claude_scaffold
9.715883,9.466588,claude_scaffold
2.0970607,-1.2900233,claude_scaffold
2.148306,-1.2866075,claude_scaffold
2.1628506,-1.5021682,claude_scaffold
2.129034,-1.4077475,claude_scaffold
2.2450268,-1.2503986,claude_scaffold
2.1231003,-1.3824762,claude_scaffold
2.1326742,-1.3007886,claude_scaffold
2.163952,-1.3910267,claude_scaffold
2.183885,-1.3319284,claude_scaffold
2.2407491,-1.0325242,claude_scaffold
2.0845222,-1.2575809,claude_scaffold
2.0528913,-1.3420048,claude_scaffold
2.2034247,-1.2961074,claude_scaffold
2.1053689,-1.2569118,claude_scaffold
2.280926,-1.0408885,claude_scaffold
4.0288873,0.9105904,claude_scaffold
4.0154343,1.0529174,claude_scaffold
4.124667,1.1282804,claude_scaffold
4.003779,0.9154633,claude_scaffold
4.2281346,1.2336658,claude_scaffold
3.9962602,0.8708141,claude_scaffold
4.0283113,0.93738294,claude_scaffold
3.9457924,0.9850464,claude_scaffold
3.9948819,1.1459074,claude_scaffold
4.1992874,1.0031252,claude_scaffold
8.653292,11.1271,claude_scaffold
7.995267,11.194498,claude_scaffold
8.534802,11.650952,claude_scaffold
8.508467,10.973168,claude_scaffold
8.276138,11.034656,claude_scaffold
8.01359,11.235509,claude_scaffold
8.310592,11.945995,claude_scaffold
7.8750353,11.163363,claude_scaffold
10.573307,12.096691,claude_scaffold
8.856059,11.003029,claude_scaffold
7.8456798,11.130825,claude_scaffold
8.562609,11.6519375,claude_scaffold
8.2254305,10.946061,claude_scaffold
8.072879,11.296751,claude_scaffold
8.318898,11.971221,claude_scaffold
7.88612,11.149544,claude_scaffold
8.139247,11.256014,claude_scaffold
7.8644943,11.126652,claude_scaffold
4.2271576,4.265244,claude_scaffold
4.3237643,3.9772143,claude_scaffold
4.305582,4.3159666,claude_scaffold
4.3126144,4.315444,claude_scaffold
4.318561,4.354754,claude_scaffold
4.307524,4.2814755,claude_scaffold
4.3067904,4.31667,claude_scaffold
4.3048553,4.349449,claude_scaffold
4.317451,4.35449,claude_scaffold
4.297887,4.3463817,claude_scaffold
2.450383,-1.1136194,claude_scaffold
2.4732633,-1.1449085,claude_scaffold
2.3222365,-1.00659,claude_scaffold
2.4956918,-1.1236336,claude_scaffold
2.5175922,-1.1696608,claude_scaffold
2.5040457,-1.2163452,claude_scaffold
2.4810565,-1.1515279,claude_scaffold
2.459388,-1.0121864,claude_scaffold
2.5170078,-1.2049291,claude_scaffold
2.5391839,-1.2474726,claude_scaffold
8.315028,-9.210182,reinvent
8.312213,-9.199373,reinvent
8.29175,-9.227967,reinvent
8.316967,-9.19545,reinvent
8.321759,-9.202472,reinvent
8.281032,-9.2365,reinvent
8.225768,-9.157939,reinvent
8.304209,-9.227406,reinvent
8.295583,-9.223121,reinvent
8.317855,-9.217706,reinvent
8.948436,8.152471,reinvent
8.920223,8.025089,reinvent
8.931906,8.124179,reinvent
8.965406,8.092112,reinvent
8.933125,8.107269,reinvent
8.904401,8.130832,reinvent
8.910756,8.04332,reinvent
8.9250145,8.112023,reinvent
8.890408,8.082248,reinvent
8.9219475,8.019642,reinvent
8.010586,10.570952,reinvent
8.070256,10.507852,reinvent
8.086146,10.58582,reinvent
8.078716,10.581485,reinvent
7.9019594,10.670885,reinvent
8.915391,11.305851,reinvent
6.9774785,9.851212,reinvent
9.014547,11.197078,reinvent
7.997008,10.631725,reinvent
6.997773,9.868134,reinvent
8.507007,10.923772,reinvent
8.147136,10.69492,reinvent
8.841044,10.758566,reinvent
7.864921,11.007116,reinvent
8.01002,10.085494,reinvent
8.045195,10.199905,reinvent
7.1220493,9.904682,reinvent
7.463002,10.146797,reinvent
7.0949645,9.860174,reinvent
7.126169,9.806653,reinvent
3.2569222,-0.93230736,reinvent
3.33774,-1.0273385,reinvent
3.3450046,-0.885061,reinvent
3.0259852,-1.2524912,reinvent
3.2798944,-1.0609847,reinvent
3.215809,-1.4198899,reinvent
3.089394,-1.7879562,reinvent
2.4479752,-1.0628035,reinvent
2.4285152,-0.9996608,reinvent
3.2772422,-1.4132746,reinvent
12.698845,-4.050725,reinvent
12.941371,-3.9352524,reinvent
12.558001,-4.0637274,reinvent
12.923973,-3.6761506,reinvent
12.680412,-4.104503,reinvent
12.653939,-4.1205416,reinvent
12.857203,-3.530726,reinvent
12.937723,-3.8225536,reinvent
12.992723,-3.847309,reinvent
12.964822,-3.6297088,reinvent
5.5681915,-0.17868634,reinvent
5.497705,-0.0022893625,reinvent
5.564975,-0.21894026,reinvent
5.505013,-0.169846,reinvent
5.461465,-0.0020080623,reinvent
5.5638623,-0.25967565,reinvent
5.4971766,-0.09042182,reinvent
5.5055923,-0.16199256,reinvent
5.6295915,-0.2449755,reinvent
5.5328646,-0.25070864,reinvent
6.012307,1.2233039,reinvent
6.2024183,1.2142947,reinvent
2.7843032,3.328696,reinvent
3.1636348,2.8144057,reinvent
3.246018,2.7976868,reinvent
1.9921174,3.5922437,reinvent
3.194878,2.813459,reinvent
2.6129534,2.7416005,reinvent
4.408774,3.6706147,reinvent
4.7032466,2.9787376,reinvent
11.642653,-3.8124814,reinvent
11.550984,-3.7478182,reinvent
11.5667095,-3.6941695,reinvent
12.158509,-4.040682,reinvent
11.531625,-3.7525868,reinvent
11.579265,-3.7589707,reinvent
12.17257,-3.6525447,reinvent
11.552408,-3.8320599,reinvent
11.613267,-3.827974,reinvent
11.959552,-3.9630868,reinvent
8.125042,10.481467,reinvent
7.594088,9.738833,reinvent
8.168632,10.272009,reinvent
4.3136697,1.2458838,reinvent
4.1984234,1.0914091,reinvent
4.2895966,1.3071151,reinvent
4.2079306,1.1492171,reinvent
4.252317,1.3268994,reinvent
4.144499,1.181722,reinvent
4.1318645,1.3377845,reinvent
4.2367697,1.399195,reinvent
4.2194257,1.3426566,reinvent
4.209006,1.3852668,reinvent
11.557855,-3.811639,reinvent
11.561067,-3.7331557,reinvent
9.080329,10.674326,reinvent
8.05198,10.607395,reinvent
8.83264,10.988296,reinvent
8.389592,10.623503,reinvent
11.956584,3.8117883,reinvent
12.036358,3.7692833,reinvent
12.032877,3.7686422,reinvent
12.005153,3.7630138,reinvent
11.984113,3.8140886,reinvent
12.071819,3.7359204,reinvent
11.987594,3.8096359,reinvent
11.986134,3.7805333,reinvent
12.019158,3.7720747,reinvent
11.993715,3.8155084,reinvent
8.017709,10.056979,reinvent
8.169069,10.274317,reinvent
8.044581,10.203782,reinvent
12.60897,-4.1462054,reinvent
12.912402,-3.6684582,reinvent
3.038544,-1.0423168,reinvent
3.017642,-1.0925901,reinvent
2.9866765,-1.1214089,reinvent
3.1280067,-1.4155564,reinvent
2.9278078,-1.245694,reinvent
2.4497957,-0.9136763,reinvent
3.1069562,-1.3901714,reinvent
3.1150405,-1.3402054,reinvent
3.0703828,-1.3786584,reinvent
4.2974944,2.6694,reinvent
4.3140526,2.6913488,reinvent
4.417256,2.5220802,reinvent
4.572809,2.376201,reinvent
4.5716186,2.7895658,reinvent
4.2983923,2.4284694,reinvent
4.3026505,3.2400806,reinvent
4.020849,2.5557647,reinvent
4.278712,2.7297904,reinvent
4.395236,2.9333718,reinvent
2.381217,3.1382916,reinvent
2.7687817,2.7048066,reinvent
2.1106384,2.8553984,reinvent
2.7917838,3.3640478,reinvent
3.2011836,2.7446256,reinvent
2.7485895,3.3272383,reinvent
7.0313525,0.77401465,reinvent
7.0726166,0.75236577,reinvent
7.007944,0.79818493,reinvent
7.062935,0.78770316,reinvent
7.0667453,0.8081155,reinvent
6.985858,0.9304086,reinvent
7.06464,0.7746111,reinvent
7.1699657,0.7946637,reinvent
7.0821295,0.8459391,reinvent
7.128402,0.6701474,reinvent
2.7113812,3.3643785,reinvent
2.2089155,3.4549577,reinvent
2.1843748,3.544429,reinvent
6.9096165,-0.32979694,reinvent
6.9646673,-0.5316039,reinvent
6.9625645,-0.51926196,reinvent
6.967459,-0.5167944,reinvent
6.7475743,-0.33494267,reinvent
6.953124,-0.50857216,reinvent
6.996565,-0.25379285,reinvent
6.958307,-0.32916114,reinvent
6.981233,-0.45299172,reinvent
6.9592147,-0.47187707,reinvent
6.089155,-1.9556885,reinvent
6.0852375,-1.9315082,reinvent
6.117034,-1.9723282,reinvent
6.1370673,-2.0054717,reinvent
6.073875,-1.8224657,reinvent
6.076341,-1.9253477,reinvent
6.128369,-1.9724349,reinvent
6.1099267,-1.9624391,reinvent
6.070935,-1.9286671,reinvent
6.0305996,-1.8360194,reinvent
7.288425,1.4034542,reinvent
7.328483,1.4790881,reinvent
7.250064,1.4951925,reinvent
7.3869,1.4674922,reinvent
7.2960243,1.5039922,reinvent
7.295272,1.4216491,reinvent
7.296004,1.443517,reinvent
7.3459907,1.3749262,reinvent
7.187711,1.3783686,reinvent
7.289022,1.3676107,reinvent
7.9286823,9.972293,reinvent
5.182933,0.7084378,reinvent
5.178844,0.60453707,reinvent
5.2151213,0.664865,reinvent
5.1520963,0.77929264,reinvent
5.108498,0.78457505,reinvent
5.199217,0.66136914,reinvent
5.252345,0.59883195,reinvent
5.229508,0.70567435,reinvent
5.2083645,0.6022343,reinvent
5.1960607,0.58244497,reinvent
3.255493,-1.4216714,reinvent
2.031691,3.632945,reinvent
3.0081944,3.032143,reinvent
2.7671142,3.28788,reinvent
3.3674643,3.3686216,reinvent
2.165518,3.6472232,reinvent
3.19769,2.7139354,reinvent
7.2761855,0.66972977,reinvent
7.003495,0.7543974,reinvent
7.1105943,0.7131663,reinvent
6.942596,0.83350563,reinvent
7.1687865,0.7117433,reinvent
7.20846,0.77429575,reinvent
8.7080555,10.924084,reinvent
9.018734,11.016569,reinvent
7.963977,10.757053,reinvent
8.542252,10.848511,reinvent
8.764351,11.021737,reinvent
11.623288,-3.7571113,reinvent
10.69082,11.68705,reinvent
8.442798,10.093416,reinvent
10.451842,11.864951,reinvent
10.732831,11.62421,reinvent
10.445949,11.915661,reinvent
10.417393,11.876896,reinvent
10.427764,11.927957,reinvent
10.37804,11.939137,reinvent
10.5283785,11.984813,reinvent
-6.980009,-3.0837975,reinvent
-6.989578,-3.0959384,reinvent
-7.0042677,-3.099192,reinvent
-6.9510655,-3.0606081,reinvent
-6.9236774,-3.0418768,reinvent
-6.9992146,-3.0974114,reinvent
-7.0017214,-3.106945,reinvent
-6.987717,-3.0880988,reinvent
-6.9684258,-3.0763333,reinvent
-6.9571114,-3.0687504,reinvent
-7.001809,-3.099952,reinvent
-7.00321,-3.1054564,reinvent
-6.991594,-3.0947464,reinvent
-7.0384445,-3.1305046,reinvent
-6.9736214,-3.0738006,reinvent
-6.9051585,-3.0352235,reinvent
-7.0239167,-3.1202168,reinvent
-6.9748726,-3.0708861,reinvent
-7.004142,-3.1077824,reinvent
4.3946147,2.9206886,reinvent
4.4136343,2.9516387,reinvent
4.6697025,2.7322493,reinvent
4.4790344,2.8577359,reinvent
4.540286,2.910422,reinvent
4.4610033,2.9477594,reinvent
4.513513,2.9563556,reinvent
4.557075,2.9726288,reinvent
4.6776237,3.0944166,reinvent
4.45852,2.9505017,reinvent
-6.865824,-3.0478127,reinvent
-7.123162,-3.2140725,reinvent
-6.8617716,-3.0111303,reinvent
3.201298,-1.1413184,reinvent
3.1817007,-1.1786393,reinvent
3.364044,-1.1010289,reinvent
3.4823904,-1.3035005,reinvent
3.14054,-1.7068607,reinvent
3.532379,-1.2280127,reinvent
2.408534,-1.0154105,reinvent
2.9074912,-1.2663624,reinvent
3.1823444,-1.3787516,reinvent
3.1749823,-1.3447506,reinvent
3.244864,-1.2510052,reinvent
3.148996,-1.1222073,reinvent
3.1689243,-1.5906172,reinvent
3.1438255,-1.4883686,reinvent
3.1486998,-1.5525045,reinvent
3.1429486,5.1222534,reinvent
3.1470292,5.1274896,reinvent
3.157017,5.100005,reinvent
3.1370895,5.066091,reinvent
3.1263182,5.138093,reinvent
3.164318,5.141556,reinvent
3.164701,5.110882,reinvent
3.172654,5.1149516,reinvent
3.171014,5.1297636,reinvent
3.137398,5.0911465,reinvent
3.1510084,2.9579368,reinvent
3.138806,2.8741503,reinvent
3.1304157,2.8279727,reinvent
10.028771,1.7037656,reinvent
10.034669,1.6767082,reinvent
10.018588,1.7059015,reinvent
9.986212,1.7036669,reinvent
10.022275,1.6955938,reinvent
9.984015,1.7137778,reinvent
10.029515,1.6887655,reinvent
9.998812,1.7066286,reinvent
10.050326,1.6642616,reinvent
10.00245,1.6888037,reinvent
8.051552,10.20082,reinvent
8.092745,10.402993,reinvent
7.8447447,10.0051,reinvent
8.081759,10.190286,reinvent
12.875287,-3.6239429,reinvent
12.929149,-3.3339555,reinvent
12.847796,-3.6097152,reinvent
13.136211,-3.106956,reinvent
12.885352,-3.5855384,reinvent
13.213074,-3.0943732,reinvent
13.033418,-3.256214,reinvent
12.9287615,-3.56115,reinvent
12.838196,-3.606857,reinvent
13.102763,-3.180786,reinvent
8.47987,9.892522,reinvent
8.092151,10.769984,reinvent
7.9268613,10.016354,reinvent
8.947356,11.163269,reinvent
8.145276,10.497877,reinvent
10.615927,11.9096,reinvent
8.468657,10.34312,reinvent
10.400007,11.758743,reinvent
10.456848,11.756502,reinvent
10.6158495,11.794672,reinvent
8.416915,10.536474,reinvent
6.371561,4.2026353,reinvent
6.3329773,4.162127,reinvent
6.3150363,4.2365985,reinvent
6.325969,4.189026,reinvent
6.372461,4.206424,reinvent
6.2099376,4.090989,reinvent
6.315165,4.1760373,reinvent
6.398401,4.0966783,reinvent
6.3106933,4.151857,reinvent
6.4469104,4.073363,reinvent
10.397317,11.952618,reinvent
4.186846,1.2517569,reinvent
3.4866116,1.066088,reinvent
4.0500803,1.0888261,reinvent
3.6005461,1.091645,reinvent
4.0014033,1.0176545,reinvent
3.595959,1.0356326,reinvent
3.4047263,1.0995537,reinvent
3.4331903,1.1041971,reinvent
4.019881,-3.7937856,reinvent
3.9994287,-3.7768116,reinvent
3.9785173,-3.817891,reinvent
4.001241,-3.7967353,reinvent
3.913057,-3.7279274,reinvent
4.012523,-3.7667987,reinvent
4.0169435,-3.740879,reinvent
3.9526846,-3.71215,reinvent
4.072313,-3.6848752,reinvent
3.9449656,-3.7298646,reinvent
7.971207,-2.2056181,reinvent
7.967582,-2.2213662,reinvent
7.9516406,-2.1840813,reinvent
8.0614395,-2.2364893,reinvent
7.948125,-2.192957,reinvent
7.928105,-2.159611,reinvent
7.975629,-2.2297695,reinvent
7.9683046,-2.213811,reinvent
8.011091,-2.2938976,reinvent
8.013835,-2.270493,reinvent
8.360047,3.5809643,reinvent
8.3309,3.5628722,reinvent
8.376932,3.6109078,reinvent
8.320444,3.5396998,reinvent
8.36617,3.5860715,reinvent
8.348137,3.5769815,reinvent
8.349536,3.5661554,reinvent
8.355331,3.5730667,reinvent
8.369395,3.5936818,reinvent
8.346258,3.5687747,reinvent
12.987581,-3.2552981,reinvent
12.984572,-3.4016047,reinvent
13.205534,-3.021569,reinvent
13.181819,-3.073361,reinvent
10.4433365,11.2654295,reinvent
6.242067,1.5696516,reinvent
6.303677,1.6212391,reinvent
6.250646,1.5625322,reinvent
6.380866,1.5938258,reinvent
6.1515703,1.5135995,reinvent
6.3878317,1.5308262,reinvent
6.2668257,1.667947,reinvent
6.4394803,1.4178344,reinvent
6.345115,1.6186112,reinvent
6.3993177,1.5494463,reinvent
9.588774,9.344938,reinvent
9.605972,9.380733,reinvent
9.545906,9.350668,reinvent
9.677535,9.431982,reinvent
9.655524,9.417531,reinvent
9.500451,9.676665,reinvent
9.336122,9.378865,reinvent
9.67278,9.476373,reinvent
9.6057005,9.432449,reinvent
9.720788,9.502745,reinvent
3.1110709,-1.1272228,reinvent
3.3445742,-1.1005609,reinvent
4.0733657,1.3151143,reinvent
3.514617,1.0387784,reinvent
3.449009,0.9472916,reinvent
4.3025665,1.4109701,reinvent
7.310114,9.368844,reinvent
4.163099,3.4858913,reinvent
4.1284013,3.5315049,reinvent
4.0749316,3.1994002,reinvent
4.1600146,3.6238496,reinvent
4.0745034,3.5177026,reinvent
4.087202,3.2245984,reinvent
4.1708803,3.9187036,reinvent
4.0917716,3.2727594,reinvent
4.1309075,3.4503825,reinvent
4.1054196,3.431894,reinvent
3.1715884,-1.1952703,reinvent
3.1266124,-1.4523375,reinvent
8.232328,-9.294162,claude
8.337543,-9.206947,claude
8.227796,-9.292589,claude
8.210975,-9.312129,claude
8.298252,-9.243018,claude
8.279975,-9.260078,claude
8.325246,-9.208014,claude
8.235264,-9.291281,claude
8.245715,-9.292651,claude
8.317576,-9.222816,claude
8.879815,7.858715,claude
8.907668,7.8810825,claude
8.833606,7.7790976,claude
8.858709,7.850399,claude
8.859956,7.8315034,claude
8.880926,7.809541,claude
8.895892,7.8858833,claude
8.823456,7.769527,claude
8.899277,7.8932242,claude
8.8916,7.9004903,claude
8.5339365,10.608144,claude
8.696062,10.759929,claude
7.9497366,11.065487,claude
8.5852585,10.778965,claude
8.6725645,10.590728,claude
8.735173,10.692105,claude
8.688846,11.11628,claude
9.136821,10.684685,claude
8.85001,10.820071,claude
8.740039,11.006427,claude
7.0460415,9.8548,claude
7.024224,9.87639,claude
6.935912,9.823112,claude
6.921416,9.838941,claude
7.1008224,9.955738,claude
7.0642037,9.903454,claude
6.945091,9.81971,claude
6.9350266,9.802828,claude
6.9604726,9.840078,claude
6.8978357,9.780494,claude
3.7235835,-1.1469952,claude
3.6460545,-1.2179455,claude
3.6331124,-1.2032481,claude
3.6241515,-1.2098953,claude
3.649738,-1.2292632,claude
3.682924,-1.1955317,claude
3.675009,-1.2104247,claude
3.61028,-1.2068834,claude
3.4814653,-1.2811395,claude
3.5140986,-1.1891649,claude
12.967258,-3.9130676,claude
13.027773,-3.9785435,claude
13.045865,-3.8937647,claude
12.957569,-3.8745255,claude
12.805166,-3.9005244,claude
12.979808,-3.9125693,claude
13.109428,-3.9859693,claude
12.955339,-3.8154624,claude
13.0079975,-3.8680573,claude
12.979363,-3.9423034,claude
5.6405,-0.0891003,claude
5.65663,-0.1295028,claude
5.556125,-0.3601166,claude
5.609886,-0.36311314,claude
5.6617823,-0.122568354,claude
5.5824223,-0.31816012,claude
5.644557,-0.102384046,claude
5.6102138,-0.33527556,claude
5.671728,-0.094382465,claude
5.6547008,-0.09242021,claude
5.712936,-0.042619776,claude
5.5815234,-0.31328204,claude
5.5876794,-0.31625617,claude
5.5461745,-0.32740676,claude
5.620586,-0.105997786,claude
5.6493816,-0.11535588,claude
5.609946,-0.28660604,claude
5.5500927,-0.27058727,claude
5.6026015,-0.28019652,claude
2.0955203,2.8527892,claude
2.1409626,2.8246098,claude
2.1020353,2.929149,claude
2.3425314,3.0644667,claude
2.2157667,2.8438306,claude
2.3548856,2.8312376,claude
2.1018176,2.8868093,claude
2.15843,2.8812833,claude
2.152803,2.853823,claude
2.1404495,2.961402,claude
11.672257,-3.7982023,claude
11.690203,-3.7435687,claude
11.673537,-3.2578974,claude
11.485431,-3.8332915,claude
11.600726,-3.7948444,claude
11.492257,-3.77901,claude
11.448978,-3.8797586,claude
11.461642,-3.8512318,claude
11.5195,-3.807533,claude
11.583755,-3.736238,claude
9.175267,10.689556,claude
8.246382,11.155964,claude
8.726912,11.122658,claude
9.066914,10.753972,claude
9.072396,10.896341,claude
8.890254,11.09472,claude
8.701788,11.147442,claude
8.505487,10.850776,claude
8.876971,10.8207,claude
7.9484625,11.039162,claude
3.890413,1.2841972,claude
3.924773,1.2784798,claude
3.927679,1.263343,claude
3.921833,1.2418529,claude
3.8871207,1.1671174,claude
3.962157,1.2334299,claude
3.9807742,1.2117503,claude
3.9006248,1.2141533,claude
3.8479173,1.3267646,claude
4.063284,1.1586952,claude
11.519938,-3.8055477,claude
11.757303,-3.3221052,claude
11.622579,-3.6945686,claude
11.824008,-3.7702055,claude
11.8104725,-3.715227,claude
11.623984,-3.8048017,claude
11.712492,-3.8121953,claude
11.568533,-3.7784522,claude
12.066837,-3.6525855,claude
11.907458,-3.9461737,claude
8.815673,10.651673,claude
8.616072,10.581855,claude
8.421286,10.391749,claude
8.499022,10.349433,claude
8.61702,11.057008,claude
8.479465,10.440325,claude
8.61644,10.57026,claude
8.136144,10.928276,claude
8.930614,10.869079,claude
8.598433,10.934169,claude
12.122325,3.689085,claude
12.08172,3.7287784,claude
12.065733,3.7440295,claude
12.087111,3.72384,claude
12.058214,3.7509766,claude
12.110125,3.7008212,claude
12.109733,3.7023127,claude
12.076193,3.7344797,claude
12.1247225,3.6869028,claude
12.111397,3.6999884,claude
9.017693,10.909999,claude
9.092251,10.931327,claude
9.047208,10.878564,claude
8.914537,10.894532,claude
8.990652,10.954175,claude
8.33157,11.951642,claude
8.960806,10.952091,claude
9.046233,10.935833,claude
9.167643,10.962385,claude
9.1115675,10.897406,claude
13.0145235,-3.8642552,claude
12.769728,-3.964266,claude
13.079895,-3.89821,claude
12.977755,-3.9653146,claude
12.957984,-3.858644,claude
12.850036,-4.013107,claude
12.995413,-3.903716,claude
12.997962,-3.8365073,claude
12.9914055,-3.8318422,claude
12.966935,-3.8783846,claude
2.1716056,-0.96715045,claude
2.0045958,-1.1414533,claude
2.149433,-1.0113298,claude
2.1695366,-1.142806,claude
2.1892927,-1.0518154,claude
2.1987016,-0.96993434,claude
2.1410317,-1.0163716,claude
2.2198195,-1.0496176,claude
2.1368423,-1.0152706,claude
2.1656168,-1.0345818,claude
4.4328985,3.7455103,claude
4.393595,3.7439284,claude
4.495134,3.7027967,claude
4.402697,3.7102115,claude
4.44858,3.6364856,claude
4.4410877,3.7324069,claude
4.397535,3.7184367,claude
4.560119,3.3560212,claude
4.4324436,3.7130573,claude
4.437665,3.82352,claude
2.0210478,3.6467083,claude
2.1056235,3.6063862,claude
2.0850573,3.6591012,claude
2.0495234,3.6986108,claude
1.9878958,3.6327605,claude
2.019253,3.590299,claude
2.1323152,3.6700299,claude
2.1213548,3.7038422,claude
2.0961533,3.5617125,claude
2.1444948,3.732498,claude
7.7828755,0.3993035,claude
7.770299,0.40972927,claude
7.805762,0.36974683,claude
7.4212055,0.60149425,claude
7.701066,0.42698467,claude
7.7741284,0.4023763,claude
7.7909875,0.38839298,claude
7.7950835,0.3834418,claude
7.750423,0.42330065,claude
7.748011,0.41467223,claude
2.0258296,3.6674964,claude
2.0644624,3.6335232,claude
2.0588431,3.607895,claude
2.0724673,3.6660032,claude
1.9675158,3.6165845,claude
1.9583173,3.6660054,claude
2.0509775,3.130605,claude
2.034727,3.6830435,claude
2.0068808,3.6214411,claude
2.0514846,3.6246593,claude
6.9671574,-0.53512955,claude
7.06634,-0.6353111,claude
6.990441,-0.5690598,claude
7.020684,-0.5938431,claude
7.022722,-0.5885945,claude
6.9800787,-0.5635207,claude
7.0259585,-0.59074384,claude
7.0491877,-0.6185745,claude
7.049002,-0.62150395,claude
7.011457,-0.58857137,claude
6.1174626,-1.9922701,claude
6.089459,-2.0033715,claude
6.0963273,-1.983611,claude
6.140992,-1.9366097,claude
6.0353847,-1.9261781,claude
6.119315,-1.9710393,claude
6.1169167,-1.9826,claude
6.076585,-1.9446893,claude
6.115576,-1.923901,claude
6.1334314,-2.0025823,claude
7.480393,1.5480161,claude
7.4519506,1.5220876,claude
7.4412313,1.4894371,claude
7.476003,1.5201354,claude
7.4972816,1.562466,claude
7.2738247,1.4702284,claude
7.4498415,1.5180076,claude
7.496244,1.5592132,claude
7.4467115,1.538166,claude
7.442434,1.5022454,claude
8.514948,11.557472,claude
7.9701757,11.107424,claude
8.728856,11.021376,claude
8.370326,10.848138,claude
8.685469,11.108848,claude
8.824837,10.8656225,claude
8.558277,10.909823,claude
8.569579,11.016471,claude
8.59377,10.9864435,claude
8.520074,11.621468,claude
8.017566,11.119595,claude
8.780515,11.049332,claude
8.717013,11.079687,claude
8.743111,10.869611,claude
8.3763685,10.936351,claude
8.77109,10.964027,claude
8.714105,11.039086,claude
8.32726,11.95583,claude
8.36434,11.025886,claude
5.221094,0.6466467,claude
5.128445,0.74737597,claude
5.230283,0.66013914,claude
5.161081,0.6697169,claude
5.1689835,0.6754591,claude
5.1942854,0.66169864,claude
5.184585,0.66889226,claude
5.195464,0.6556509,claude
5.164786,0.68482184,claude
5.1710978,0.6606471,claude
3.6798282,-1.2251166,claude
3.4102533,-1.2966411,claude
3.548185,-1.2198102,claude
3.5087032,-1.2659906,claude
3.3881006,-1.2577745,claude
3.5139863,-1.2253376,claude
3.4798763,-1.3081852,claude
3.6572068,-1.2001172,claude
3.6827903,-1.179784,claude
3.5869155,-1.2566751,claude
3.245084,2.7005472,claude
3.1805456,2.7385511,claude
3.2279963,2.7694905,claude
3.1609457,2.6551228,claude
3.3008637,2.7183428,claude
3.1303084,2.7959955,claude
3.2552903,2.746365,claude
3.2125216,2.694279,claude
3.1924543,2.6762538,claude
3.221158,2.7452667,claude
7.125558,0.82199305,claude
7.137261,0.9476742,claude
7.103974,0.8725578,claude
7.0609126,0.92858124,claude
7.0845275,0.8771992,claude
7.1802535,0.94879615,claude
7.073376,0.87811196,claude
7.0281215,0.97044003,claude
7.096614,0.9194031,claude
7.1332793,0.8819626,claude
7.159158,0.9141335,claude
7.116384,0.920491,claude
7.1306057,0.8859558,claude
7.0201697,0.8348756,claude
7.1391926,0.9094689,claude
7.1434326,0.8531523,claude
7.056519,0.8620164,claude
7.0584984,0.86996263,claude
8.766984,12.086306,claude
8.726622,11.936369,claude
8.716233,11.955892,claude
8.778109,12.0374565,claude
8.769747,12.080541,claude
8.579158,11.522491,claude
8.709026,12.066914,claude
8.785559,12.04623,claude
8.78626,12.064051,claude
8.692239,12.070272,claude
11.487515,-3.8039083,claude
11.667306,-3.7575397,claude
11.69595,-3.2966309,claude
11.587689,-3.7768908,claude
11.611427,-3.792527,claude
11.691657,-3.7001705,claude
11.565017,-3.8017352,claude
11.646917,-3.7839956,claude
11.629797,-3.7861683,claude
11.684114,-3.7504377,claude
10.55572,12.113576,claude
10.636231,12.240559,claude
10.51533,12.003503,claude
10.507531,12.131545,claude
10.652369,12.22043,claude
10.652614,12.185155,claude
10.575524,12.167394,claude
10.584849,12.209176,claude
10.7277355,12.222206,claude
10.556491,12.178913,claude
10.605342,12.196656,claude
10.614494,12.168151,claude
10.60973,12.240421,claude
10.644317,12.176315,claude
10.473488,12.059844,claude
10.579528,12.054492,claude
10.588257,12.198031,claude
10.463951,11.89997,claude
-7.1690903,-3.205658,claude
-7.2020397,-3.1859052,claude
-7.161283,-3.1849723,claude
-7.28133,-3.351712,claude
-7.2223735,-3.2417185,claude
-7.1566143,-3.1787238,claude
-7.204295,-3.3214738,claude
-7.139158,-3.1474495,claude
-7.187407,-3.2026,claude
-7.1942487,-3.1918652,claude
-7.3345127,-3.353251,claude
-7.392174,-3.339948,claude
-7.3496118,-3.422767,claude
-7.3887115,-3.4438477,claude
-7.432465,-3.3312647,claude
-7.3719673,-3.3205533,claude
-7.3257647,-3.4342697,claude
-7.4639664,-3.3269095,claude
-7.3918114,-3.4726636,claude
-7.3962383,-3.3880439,claude
-7.3320255,-3.3210466,claude
-7.338053,-3.4115942,claude
-7.299137,-3.4383354,claude
-7.380841,-3.3455865,claude
-7.353368,-3.3936918,claude
-7.324672,-3.449698,claude
-7.38533,-3.3908365,claude
-7.349316,-3.4396813,claude
5.29621,3.4591582,claude
5.311623,3.4612412,claude
5.2624993,3.3986802,claude
5.2496977,3.3859217,claude
5.124563,3.3755858,claude
5.2441845,3.4057043,claude
5.3235393,3.449669,claude
5.308775,3.4195542,claude
5.3265185,3.4223056,claude
5.226827,3.3074858,claude
-8.577058,-2.4468613,claude
-8.559107,-2.4412513,claude
-8.587273,-2.4380982,claude
-8.56706,-2.4172974,claude
-8.59339,-2.430492,claude
-8.627453,-2.3938618,claude
-8.598767,-2.4345348,claude
-8.592753,-2.4301853,claude
-8.582089,-2.440611,claude
-8.584637,-2.4500666,claude
-8.614972,-2.416779,claude
-8.59668,-2.4461148,claude
-8.593123,-2.4304497,claude
-8.57623,-2.4518862,claude
-8.584839,-2.4278717,claude
2.322539,-1.3770003,claude
2.4013648,-1.5160142,claude
2.3922875,-1.5238152,claude
2.4361312,-1.0036893,claude
2.320114,-1.340235,claude
2.3417838,-1.5377526,claude
2.3611689,-1.525829,claude
2.25658,-1.424751,claude
2.22697,-1.3402203,claude
2.2529764,-1.5392435,claude
3.1137733,-1.7407686,claude
3.1019764,-1.6171691,claude
3.1242752,-1.7384186,claude
3.183332,-1.5061092,claude
3.11838,-1.7156723,claude
3.0921369,-1.7060924,claude
3.1103306,-1.7596108,claude
3.1037972,-1.7482125,claude
3.0790353,-1.712409,claude
3.0776725,-1.7308017,claude
3.0025733,5.343691,claude
2.9056191,5.454179,claude
2.9527617,5.4028163,claude
2.932285,5.426101,claude
2.9731383,5.37232,claude
2.937431,5.4159665,claude
2.9594593,5.394034,claude
2.9527526,5.4057784,claude
2.9577756,5.3974476,claude
2.9574678,5.3993073,claude
3.090435,2.8031297,claude
3.6598794,2.7072456,claude
3.2071493,2.5722458,claude
3.2290459,2.7592804,claude
3.1546385,2.6601212,claude
3.2419665,2.6756506,claude
3.1560209,2.6409261,claude
3.1604867,2.6480405,claude
3.216371,2.7602608,claude
3.2025428,2.6710873,claude
10.073246,1.6538754,claude
10.072737,1.6539326,claude
10.092949,1.6332331,claude
10.101507,1.6286434,claude
10.066973,1.6554815,claude
10.057023,1.645746,claude
10.059791,1.6696676,claude
10.090878,1.6378489,claude
10.084634,1.6524118,claude
10.098214,1.6294079,claude
7.0497313,9.262074,claude
7.052971,9.269322,claude
7.066807,9.249615,claude
7.0321965,9.255111,claude
7.054053,9.305648,claude
7.0439596,9.233917,claude
7.090956,9.345846,claude
7.0105863,9.30876,claude
7.0584807,9.245279,claude
7.0245986,9.31365,claude
13.132253,-3.1313186,claude
12.951802,-3.1645331,claude
12.955037,-3.246118,claude
12.872509,-3.050264,claude
12.757992,-2.7893422,claude
13.168401,-3.0202115,claude
12.650745,-2.934028,claude
13.194198,-3.0918605,claude
13.130596,-3.1667705,claude
13.137481,-3.1390064,claude
12.955705,-3.1392744,claude
13.042586,-3.1352196,claude
13.0525465,-3.1425104,claude
12.874683,-3.1381285,claude
12.727442,-2.814091,claude
13.154461,-3.0463686,claude
12.666199,-2.9282334,claude
13.128185,-3.0391066,claude
13.145062,-3.127941,claude
7.951128,11.100889,claude
8.805669,10.99909,claude
8.416836,11.035478,claude
8.595977,10.974736,claude
8.728288,11.036343,claude
8.738813,10.998104,claude
8.547108,10.91402,claude
8.771932,10.688916,claude
8.387291,11.043995,claude
8.035889,11.059999,claude
8.736516,11.035149,claude
8.62982,11.060813,claude
8.7053,11.022313,claude
8.790808,10.750448,claude
8.366597,11.034767,claude
8.627493,11.178274,claude
8.526999,10.9876585,claude
8.411954,11.5207205,claude
8.434424,10.537145,claude
8.37784,10.496076,claude
8.375915,10.510863,claude
8.394317,10.598745,claude
8.525281,10.485205,claude
8.484209,10.605101,claude
8.474818,10.731416,claude
8.443428,10.62723,claude
8.482164,10.642838,claude
8.425402,10.622939,claude
10.768598,11.770115,claude
10.59322,12.194276,claude
10.746817,11.665358,claude
10.782895,11.632918,claude
10.819551,11.681988,claude
10.6333475,11.821454,claude
10.761165,11.653453,claude
10.765562,11.571846,claude
10.772137,11.5601635,claude
10.74182,11.610886,claude
11.164047,9.415648,claude
11.104435,9.3637905,claude
11.059998,9.446296,claude
11.113663,9.36922,claude
11.124838,9.368359,claude
11.124813,9.330395,claude
11.091202,9.410488,claude
11.126614,9.363262,claude
10.947914,9.447647,claude
11.10807,9.352444,claude
6.5283165,4.093328,claude
6.4784985,4.128937,claude
6.4943123,4.1095886,claude
6.376098,4.2571087,claude
6.486793,4.093317,claude
6.5066395,4.133902,claude
6.5061526,4.0984964,claude
6.5352354,4.0544105,claude
6.548784,4.071121,claude
6.496422,4.1092906,claude
6.559279,4.085212,claude
6.507482,4.084195,claude
6.3789077,4.2436013,claude
6.494773,4.1151485,claude
6.4749427,4.1247444,claude
6.502115,4.114458,claude
6.5457683,4.105532,claude
6.4822173,4.1349077,claude
10.578615,12.210459,claude
10.596882,12.1305,claude
10.63958,12.218125,claude
10.63411,12.174555,claude
10.594721,12.171086,claude
10.541429,12.09068,claude
10.709277,11.740753,claude
10.621128,12.233474,claude
10.596712,12.116547,claude
10.633682,12.205419,claude
3.5048852,1.0139499,claude
3.4814582,1.0428168,claude
3.5139124,0.9664507,claude
3.5243926,1.0189127,claude
3.503208,1.0194801,claude
3.4913712,0.9982851,claude
3.479188,1.0164768,claude
3.5122051,1.0091449,claude
3.538407,1.0411278,claude
3.5304208,1.0184157,claude
3.9881897,-3.8914258,claude
3.9675014,-3.9239497,claude
3.9805372,-3.9166367,claude
3.9887292,-3.8853045,claude
4.022073,-3.8398483,claude
4.0016513,-3.8971496,claude
3.9509668,-3.9186041,claude
3.9599795,-3.931405,claude
3.9797058,-3.8906622,claude
3.966158,-3.9153569,claude
8.066959,-2.4134412,claude
8.012632,-2.3525782,claude
8.065552,-2.3903468,claude
8.094401,-2.4471827,claude
8.060913,-2.3318787,claude
8.085944,-2.4130425,claude
8.027589,-2.395109,claude
8.030259,-2.3289764,claude
8.096134,-2.3761249,claude
8.069863,-2.3815348,claude
8.448798,3.661654,claude
8.435128,3.6471198,claude
8.44516,3.6547487,claude
8.433217,3.6641514,claude
8.362254,3.581322,claude
8.450498,3.6311834,claude
8.383197,3.6497238,claude
8.414733,3.624705,claude
8.407914,3.6245766,claude
8.46991,3.6803918,claude
13.115779,-3.0906765,claude
12.832208,-3.2738342,claude
13.13152,-3.1361656,claude
13.144906,-3.0976028,claude
12.87821,-3.160319,claude
12.643447,-2.8712063,claude
12.627888,-2.95114,claude
13.142393,-3.1155906,claude
13.121314,-3.122406,claude
13.1545,-3.1186304,claude
13.087468,-3.1355984,claude
12.85489,-3.2702305,claude
13.014652,-3.1605074,claude
12.900104,-3.1533692,claude
12.669508,-2.8633258,claude
12.867362,-3.185865,claude
13.153703,-2.9326558,claude
10.096693,16.722439,claude
10.094308,16.72222,claude
10.093681,16.716331,claude
10.112453,16.736307,claude
10.07624,16.702335,claude
10.0718975,16.69226,claude
10.052563,16.679293,claude
10.125652,16.752113,claude
10.089166,16.715435,claude
10.10353,16.7296,claude
10.100276,16.726479,claude
10.090545,16.717726,claude
10.105533,16.722626,claude
10.160428,16.786875,claude
10.041798,16.663227,claude
10.131832,16.75942,claude
10.083822,16.709938,claude
10.122516,16.74796,claude
10.1147,16.741056,claude
3.3565404,3.3589118,claude
3.7040262,3.3319705,claude
3.7747405,3.363272,claude
3.7871912,3.376269,claude
3.7959616,3.370259,claude
3.8833282,3.2999506,claude
3.5641623,3.3741715,claude
3.814506,3.3636446,claude
3.810034,3.4029021,claude
3.8239431,3.3955648,claude
6.5275035,1.6301439,claude
6.668804,1.4179689,claude
6.546444,1.6503648,claude
6.585416,1.7090453,claude
6.582801,1.661528,claude
6.578874,1.6356761,claude
6.527953,1.6479443,claude
6.534076,1.6318443,claude
6.5179596,1.6854905,claude
6.5312552,1.6613832,claude
9.753378,9.511689,claude
9.669032,9.467752,claude
9.688256,9.517092,claude
9.66763,9.525023,claude
9.649723,9.437089,claude
9.698619,9.466933,claude
9.664502,9.493637,claude
9.727328,9.56098,claude
9.696679,9.461744,claude
9.690109,9.461738,claude
2.1314657,-1.3423293,claude
2.182755,-1.3407478,claude
2.3854291,-1.1034082,claude
2.1477778,-1.3712022,claude
2.189274,-1.3763938,claude
2.17097,-1.3269098,claude
2.0475845,-1.1060846,claude
2.3797174,-1.272372,claude
2.048308,-1.2327648,claude
2.1669693,-1.3558174,claude
4.0196514,0.89276624,claude
4.041452,0.93487656,claude
3.9632382,0.9528209,claude
4.066642,0.8910125,claude
4.0574164,0.8837726,claude
4.01004,0.90707964,claude
4.050987,0.8972658,claude
3.9628859,0.90506303,claude
4.032632,0.93270445,claude
4.0525117,0.9111213,claude
8.66692,11.029842,claude
8.563499,11.618325,claude
8.734503,11.060603,claude
8.591541,10.605203,claude
8.170667,10.978014,claude
7.9511614,11.028183,claude
7.8735013,11.089023,claude
8.815413,10.790399,claude
8.12194,11.020261,claude
8.763627,11.030245,claude
8.515907,11.593909,claude
8.115952,10.937883,claude
8.743444,11.066462,claude
8.763819,10.817623,claude
8.510413,10.862176,claude
8.544203,10.796156,claude
7.9288006,11.055108,claude
8.697438,10.993957,claude
4.229873,4.2550406,claude
4.268049,4.2578154,claude
4.245766,4.2989697,claude
4.259544,4.2772903,claude
4.2672844,4.332392,claude
4.2693386,4.320736,claude
4.243586,4.2848873,claude
4.2333627,4.290646,claude
4.2111225,4.3481975,claude
4.2497044,4.2828665,claude
2.4975111,-1.0025084,claude
2.553792,-1.2619383,claude
2.511172,-1.1712642,claude
2.573456,-1.1280994,claude
2.4100506,-0.9973322,claude
2.488293,-1.0361705,claude
2.522163,-1.0867943,claude
2.5418382,-1.1965748,claude
2.4463353,-1.2010375,claude
2.4920874,-1.1483092,claude
8.215696,-9.304896,crem
8.218357,-9.302583,crem
8.231873,-9.287297,crem
8.183471,-9.336042,crem
8.271352,-9.251229,crem
8.245245,-9.274709,crem
8.23674,-9.284081,crem
8.256951,-9.264661,crem
8.244687,-9.276242,crem
8.205278,-9.314419,crem
8.86295,7.827416,crem
8.88645,7.7659245,crem
8.891287,7.882305,crem
8.857259,7.8282638,crem
8.879939,7.8953238,crem
8.879978,7.8505826,crem
8.87206,7.840213,crem
8.863919,7.8397155,crem
8.844433,7.8125124,crem
8.841186,7.7870235,crem
8.558837,10.085749,crem
8.521659,10.120572,crem
8.510638,10.052368,crem
8.567454,10.100123,crem
8.561981,10.213351,crem
8.510859,10.106993,crem
8.522248,10.136803,crem
8.486781,10.161314,crem
8.537642,10.103781,crem
8.587272,10.133292,crem
6.62565,9.687812,crem
6.5850058,9.688821,crem
6.610681,9.693677,crem
6.582708,9.691118,crem
6.637943,9.679692,crem
6.6356573,9.713072,crem
6.5817447,9.691927,crem
6.6542163,9.678903,crem
6.645136,9.674767,crem
6.6423492,9.708278,crem
3.4757223,-1.2419535,crem
3.456691,-1.182455,crem
3.4281209,-1.1725076,crem
3.4712675,-1.178477,crem
3.4545517,-1.1121273,crem
2.708093,-1.0074203,crem
3.3199592,-1.148687,crem
3.4159913,-1.196508,crem
3.4800582,-1.2037681,crem
3.1535463,-1.117564,crem
13.13745,-3.957064,crem
13.069131,-3.7820203,crem
13.008055,-3.948725,crem
13.131114,-3.9121053,crem
13.044315,-3.9755785,crem
13.169746,-3.879881,crem
13.047186,-3.963265,crem
13.16959,-3.9359553,crem
13.158329,-3.9001667,crem
13.121951,-3.92533,crem
5.5910697,-0.3168302,crem
5.643081,-0.38652745,crem
5.621182,-0.31354815,crem
5.6113524,-0.30305684,crem
5.6260095,-0.2866968,crem
5.6171017,-0.3299306,crem
5.550837,-0.39439726,crem
5.5740824,-0.34875727,crem
5.6031437,-0.34138486,crem
5.617286,-0.32071608,crem
2.1059499,3.0187578,crem
2.0591552,3.1291156,crem
2.3283367,2.9595788,crem
2.1224048,2.9886563,crem
2.1715748,3.1153817,crem
2.2015915,2.9845304,crem
2.2709496,2.9824836,crem
2.4312575,3.3796377,crem
2.104069,2.9872968,crem
2.1654608,2.9257689,crem
11.523558,-3.8008144,crem
11.565296,-3.6987243,crem
11.481397,-3.8398185,crem
11.450174,-3.8341932,crem
11.562147,-3.83673,crem
11.480369,-3.843994,crem
11.513726,-3.841285,crem
11.573121,-3.765192,crem
11.568498,-3.8392828,crem
11.582909,-3.8851056,crem
8.966237,10.905871,crem
9.091934,10.89644,crem
9.257225,10.642874,crem
9.221009,10.650291,crem
9.210188,10.678665,crem
9.226192,10.660755,crem
9.235651,10.623694,crem
9.1426115,10.775026,crem
9.183758,10.708294,crem
9.267982,10.641528,crem
3.8646395,1.2238572,crem
3.9316974,1.0686705,crem
3.9314544,1.2169679,crem
3.7970574,1.2504085,crem
3.7642188,1.1863416,crem
4.043712,1.1036057,crem
3.657849,1.0970635,crem
3.9676838,1.0494778,crem
3.9839041,1.1349338,crem
3.8707309,1.2188004,crem
11.63856,-3.757535,crem
11.714473,-3.7245555,crem
11.743594,-3.7808428,crem
11.658707,-3.7386465,crem
11.6415,-3.76993,crem
11.615269,-3.790557,crem
11.6618395,-3.754204,crem
11.540924,-3.7207513,crem
11.665624,-3.7432935,crem
11.565305,-3.7966173,crem
8.221886,10.168936,crem
8.472701,10.421287,crem
8.265557,10.305868,crem
8.311144,10.267611,crem
8.298972,10.337838,crem
8.2429,10.222984,crem
8.397574,10.302937,crem
8.301461,10.357104,crem
8.2839155,10.193411,crem
8.30832,10.3316765,crem
12.087918,3.722427,crem
12.066732,3.7419417,crem
12.0917,3.7197688,crem
12.113659,3.6979973,crem
12.097748,3.7126799,crem
12.096351,3.7154932,crem
12.065276,3.745025,crem
12.097937,3.7099934,crem
12.064112,3.7458806,crem
12.102193,3.7108223,crem
8.387994,11.053625,crem
8.661804,10.989967,crem
8.840283,10.862091,crem
8.73109,11.017477,crem
7.9450235,11.111633,crem
9.055389,10.789701,crem
8.670076,10.961334,crem
8.694084,11.014619,crem
8.9219475,10.873458,crem
9.096572,10.824082,crem
5.710134,3.026799,crem
5.624005,3.0603416,crem
5.712181,3.0566885,crem
5.601587,3.0759828,crem
5.6876373,3.0667164,crem
5.694112,3.0310178,crem
5.7149935,3.0397518,crem
5.696815,3.0503325,crem
5.6473465,3.0741332,crem
5.6978917,3.0676675,crem
2.9472992,-0.9061983,crem
2.9433367,-0.8781139,crem
2.8449152,-0.8275273,crem
2.9671748,-0.900636,crem
2.890418,-0.94362855,crem
2.9520967,-0.88339794,crem
2.965779,-0.87006485,crem
2.9370642,-0.9037016,crem
2.952596,-0.9375981,crem
2.8995745,-0.9523444,crem
4.3801265,3.782649,crem
4.415755,3.730473,crem
4.434434,3.7338583,crem
4.4332724,3.7346106,crem
4.3783636,3.787368,crem
4.3758254,3.6766417,crem
4.4808917,3.7295544,crem
4.39647,3.7165549,crem
4.4272885,3.7448847,crem
4.418309,3.7132275,crem
2.0229874,2.876686,crem
2.1083193,2.8643658,crem
2.050462,2.8763483,crem
2.0218086,2.8663146,crem
1.9997252,2.8287802,crem
2.0276053,2.845811,crem
1.991125,2.818103,crem
1.9985,2.8928554,crem
2.016074,2.835015,crem
2.0110312,2.8977025,crem
7.7808957,0.39213818,crem
7.7398124,0.4342477,crem
7.5836253,0.5170892,crem
7.417034,0.66669524,crem
7.786243,0.40729797,crem
7.7015486,0.47224772,crem
7.4783416,0.595245,crem
7.7627945,0.40897974,crem
7.710638,0.4567507,crem
7.780792,0.39141807,crem
1.9670588,3.6110017,crem
2.0584671,3.667536,crem
2.0248063,3.6404421,crem
2.0118814,3.6243887,crem
2.0083542,3.6780825,crem
1.9405725,3.6721423,crem
2.0032086,3.6713188,crem
2.0835547,3.6087353,crem
1.9601101,3.736591,crem
1.9403903,3.60049,crem
6.982913,-0.5529348,crem
6.6752815,-0.26086888,crem
5.405649,1.7097918,crem
6.978278,-0.54392534,crem
6.9611335,-0.53197175,crem
6.9607835,-0.5121383,crem
5.386776,1.7471979,crem
5.31714,1.2009125,crem
7.0320997,-0.5750307,crem
6.99379,-0.56601036,crem
6.133822,-1.9882165,crem
6.1109896,-1.9734696,crem
6.1557703,-2.0267596,crem
6.1122994,-1.9703884,crem
6.1403065,-2.005387,crem
6.1181474,-1.9654956,crem
6.129325,-2.0128255,crem
6.095856,-1.9526135,crem
6.1140547,-1.9805465,crem
6.1279354,-2.0185642,crem
7.3735495,1.3867015,crem
7.4468055,1.3899676,crem
7.406126,1.3817573,crem
7.387538,1.4341698,crem
7.3881607,1.3938826,crem
7.4183297,1.424441,crem
7.419754,1.4367083,crem
7.407102,1.400815,crem
7.405038,1.3863164,crem
7.376455,1.411072,crem
8.984949,11.298524,crem
9.02814,11.337248,crem
8.800187,11.046128,crem
8.982311,11.285336,crem
9.025523,11.287088,crem
8.745239,10.952717,crem
9.017981,11.322888,crem
8.717605,11.067026,crem
8.961917,11.346043,crem
8.989413,11.296354,crem
5.1894155,0.670957,crem
5.169744,0.573613,crem
5.2360406,0.59684914,crem
5.184638,0.6891165,crem
5.220028,0.6390216,crem
5.216185,0.61680925,crem
5.2119393,0.6177736,crem
5.1598973,0.55308807,crem
5.196492,0.61935896,crem
5.1906853,0.5795448,crem
3.0672748,-1.0493044,crem
2.9397,-0.9973251,crem
3.0237715,-0.94426435,crem
3.039129,-0.98954463,crem
3.0528312,-1.0123781,crem
2.9587398,-0.9426085,crem
3.0109887,-0.96891844,crem
3.0158265,-1.0357947,crem
3.0014074,-0.9459081,crem
3.0160167,-0.9730934,crem
3.146654,2.9046526,crem
3.1704543,2.9303405,crem
3.2718463,2.9980536,crem
3.1294515,2.8229373,crem
3.1497333,2.7498133,crem
2.938495,3.0276651,crem
3.0387852,3.0356479,crem
3.1098347,2.9186063,crem
3.1644292,2.763401,crem
3.1183507,2.660577,crem
7.1432014,0.8548449,crem
7.154679,0.9298594,crem
7.0630064,0.7972914,crem
7.1762333,0.8520205,crem
7.1796317,0.8884427,crem
7.143074,0.8763283,crem
7.1711383,0.8676777,crem
7.1978664,0.8388849,crem
7.1484494,0.9068503,crem
7.188632,0.9019339,crem
8.451456,11.483609,crem
8.490236,11.514261,crem
8.417663,11.578152,crem
8.56459,11.374891,crem
8.421672,11.58943,crem
8.4720955,11.617015,crem
8.421149,11.527181,crem
8.400759,11.581452,crem
8.420916,11.567965,crem
8.419957,11.489987,crem
5.2758,2.911528,crem
5.45566,2.763447,crem
5.264937,2.8535917,crem
5.250941,1.7670671,crem
5.1789217,2.1719468,crem
5.1948004,2.9383004,crem
5.272517,1.9750527,crem
5.106001,2.0674536,crem
6.1542664,1.6398404,crem
5.099681,2.045659,crem
11.052801,12.458339,crem
11.080937,12.47276,crem
11.092727,12.487688,crem
11.029864,12.401478,crem
11.076071,12.491159,crem
11.030524,12.43632,crem
11.065551,12.465147,crem
11.050211,12.448214,crem
11.009763,12.41147,crem
11.0464945,12.457403,crem
-7.020048,-3.115511,crem
-7.1998286,-3.2010012,crem
-7.250456,-3.2461357,crem
-7.1872597,-3.194271,crem
-7.017608,-3.1077552,crem
-7.2168694,-3.2117012,crem
-7.0508323,-3.1369588,crem
-7.2547326,-3.2568889,crem
-7.2091784,-3.2253318,crem
-7.256761,-3.2437782,crem
-7.400926,-3.316346,crem
-7.406959,-3.3926733,crem
-7.386268,-3.3442466,crem
-7.343329,-3.3414543,crem
-7.3051424,-3.3348703,crem
-7.2564096,-3.2769415,crem
-7.3797026,-3.3441808,crem
-7.401409,-3.2981791,crem
-7.4451613,-3.3142848,crem
-7.395734,-3.321972,crem
5.155534,3.4188504,crem
5.35713,3.4484136,crem
5.295462,3.4339616,crem
5.3361063,3.4618397,crem
4.9806447,3.5037353,crem
5.0211287,3.4230115,crem
5.3487577,3.454012,crem
5.351857,3.4885504,crem
5.359273,3.4201384,crem
5.280296,3.4089952,crem
-8.607874,-2.4162025,crem
-8.5886,-2.4321253,crem
-8.599045,-2.424842,crem
-8.584393,-2.4385328,crem
-8.596301,-2.4286153,crem
-8.574761,-2.4465222,crem
-8.572021,-2.4516563,crem
-8.59744,-2.4287145,crem
-8.533776,-2.4925237,crem
-8.609296,-2.4145584,crem
2.3420665,-1.2354679,crem
2.3735147,-1.510088,crem
2.2928824,-1.1075437,crem
2.3357732,-1.2012165,crem
2.3664403,-0.9352256,crem
2.3645556,-1.1936959,crem
2.4030228,-1.0812227,crem
2.3560946,-1.3811448,crem
2.389299,-0.91970843,crem
2.2893083,-1.1325865,crem
2.9808557,-1.5866693,crem
2.9451046,-1.6191407,crem
2.858292,-1.682384,crem
2.934916,-1.5920348,crem
2.866144,-1.71961,crem
2.830904,-1.6617676,crem
2.9244776,-1.5917275,crem
2.9852235,-1.4891311,crem
2.888924,-1.651128,crem
2.934799,-1.5948371,crem
3.0740297,5.259546,crem
3.0903492,5.2413416,crem
3.106295,5.2298145,crem
3.0890398,5.2437687,crem
3.0861425,5.248074,crem
3.1279767,5.2206116,crem
3.0983794,5.232913,crem
3.092223,5.24204,crem
3.083872,5.2529254,crem
3.0850837,5.250251,crem
3.139218,2.9118865,crem
3.2758944,2.7197545,crem
3.1537538,2.806548,crem
3.1478631,2.8848076,crem
5.6840134,1.3165029,crem
3.0628076,2.899062,crem
2.855605,3.2932782,crem
3.1480043,2.9932945,crem
3.2365415,3.1863585,crem
3.139501,2.9640048,crem
10.017998,1.6923044,crem
10.057154,1.6617779,crem
10.01441,1.7066075,crem
9.991853,1.7302402,crem
10.053445,1.6698619,crem
9.988729,1.7304463,crem
10.05938,1.6618615,crem
10.05402,1.6683025,crem
10.058972,1.6627584,crem
10.023844,1.6904596,crem
7.0667267,9.98773,crem
7.0237966,9.974266,crem
7.0572996,10.043993,crem
7.053442,9.982687,crem
7.034148,9.917716,crem
7.0419984,10.010203,crem
7.054741,10.020757,crem
7.0474234,10.018397,crem
7.0604696,9.979019,crem
7.036354,10.013423,crem
13.139033,-3.063181,crem
13.040199,-3.0850906,crem
13.048795,-3.2159946,crem
13.045277,-3.0806062,crem
13.163166,-3.083376,crem
13.032325,-3.1965988,crem
13.017523,-3.1277745,crem
13.1340685,-3.054115,crem
13.048025,-3.1925638,crem
13.108331,-3.0326405,crem
8.514757,11.423379,crem
8.522368,11.64509,crem
8.543474,11.494509,crem
8.39345,11.6931925,crem
8.55661,11.430128,crem
8.49906,11.612144,crem
8.595985,11.414725,crem
8.5148945,11.574942,crem
8.539472,11.671015,crem
8.490776,11.625133,crem
8.08484,10.811684,crem
8.238536,10.733265,crem
8.143925,10.781541,crem
8.404908,10.979277,crem
8.139807,10.756852,crem
8.152025,10.8020115,crem
8.189587,10.752251,crem
8.175373,10.830302,crem
8.217919,10.735799,crem
8.119735,10.756995,crem
10.788002,11.593619,crem
10.784491,11.643206,crem
10.815239,11.596158,crem
10.778374,11.57985,crem
10.779719,11.627143,crem
10.804679,11.580653,crem
10.814622,11.5684,crem
10.801443,11.687317,crem
10.765473,11.639059,crem
10.741335,11.634776,crem
11.112906,9.335646,crem
11.137174,9.347431,crem
11.128062,9.357814,crem
11.060115,9.386341,crem
11.162478,9.371243,crem
11.139704,9.385017,crem
8.875363,10.764107,crem
11.127733,9.342345,crem
11.164763,9.367486,crem
11.17037,9.371709,crem
6.3500705,4.184697,crem
6.408634,4.1793075,crem
6.3283362,4.2286987,crem
6.4085884,4.1731553,crem
6.4046597,4.1918488,crem
6.401828,4.2245927,crem
6.394424,4.171759,crem
6.378735,4.2059565,crem
6.3570886,4.2166553,crem
6.3614564,4.1904,crem
10.620851,12.230588,crem
10.655396,12.297015,crem
10.640663,12.308702,crem
10.567191,12.251091,crem
10.57427,12.306216,crem
10.617872,12.255581,crem
10.648647,12.298765,crem
10.608494,12.299049,crem
10.573384,12.243582,crem
10.675461,12.251907,crem
3.3825936,0.99030185,crem
3.3807695,1.0496516,crem
3.3933375,0.98517364,crem
3.4142427,0.9919271,crem
3.4005764,1.0118312,crem
3.4451838,1.0220476,crem
3.4547927,1.0354573,crem
3.5303953,1.0120584,crem
3.441639,1.0452394,crem
3.4841366,1.0475097,crem
4.0072865,-3.8719606,crem
4.0422735,-3.8290582,crem
4.004992,-3.865949,crem
4.022026,-3.797191,crem
4.02818,-3.8613424,crem
4.005408,-3.8491154,crem
4.0074463,-3.8611002,crem
4.0519195,-3.8280253,crem
3.998664,-3.869801,crem
4.046099,-3.8263538,crem
8.222247,-2.261396,crem
8.125131,-2.297547,crem
8.146654,-2.2415018,crem
8.114464,-2.2423894,crem
8.160113,-2.2431028,crem
8.147985,-2.2426534,crem
8.139954,-2.2413485,crem
8.090026,-2.2392375,crem
8.108978,-2.2070892,crem
8.131918,-2.274118,crem
8.609458,3.8242877,crem
8.603118,3.8183146,crem
8.588885,3.802431,crem
8.595744,3.810234,crem
8.637979,3.8510919,crem
8.583216,3.7968063,crem
8.559688,3.7743506,crem
8.591429,3.8059793,crem
8.623424,3.850471,crem
8.581424,3.7971995,crem
5.637827,2.2587168,crem
5.5970044,2.3001971,crem
5.578798,2.3990235,crem
5.5889354,2.2804625,crem
5.6003733,2.2956371,crem
5.5897927,2.269498,crem
5.5899644,2.349829,crem
5.5898275,2.2895262,crem
5.574648,2.3073385,crem
5.595518,2.2893574,crem
9.872317,16.4937,crem
9.855492,16.477077,crem
9.843145,16.463036,crem
9.847976,16.46787,crem
9.887296,16.509047,crem
9.876772,16.497452,crem
9.894875,16.515905,crem
9.878968,16.49915,crem
9.844138,16.463688,crem
9.830983,16.451178,crem
3.3722973,3.3573384,crem
3.3801956,3.3824093,crem
3.3790421,3.3664212,crem
3.359752,3.3420699,crem
3.35509,3.3417418,crem
3.3188357,3.3011758,crem
3.365054,3.3823922,crem
3.3362842,3.360441,crem
3.395672,3.3827543,crem
3.384513,3.3594887,crem
6.4830346,1.6701089,crem
6.5581384,1.6949509,crem
6.5810356,1.6217717,crem
6.571479,1.6101352,crem
6.5521717,1.6528498,crem
6.479196,1.7142245,crem
6.561417,1.6010977,crem
6.5333924,1.700169,crem
6.4113793,1.653512,crem
6.5322237,1.6512015,crem
9.725096,9.503995,crem
9.783743,9.519683,crem
9.723526,9.452271,crem
9.784185,9.523537,crem
9.732069,9.517532,crem
9.73083,9.489433,crem
9.749749,9.45835,crem
9.745172,9.496952,crem
9.776048,9.479229,crem
9.7547655,9.512952,crem
2.8862596,-1.304111,crem
2.343384,-1.0957217,crem
2.390961,-1.1023579,crem
2.3454604,-1.1946889,crem
2.831223,-1.2673407,crem
2.2411027,-1.1145327,crem
3.4290602,-1.3030707,crem
2.3796055,-1.0736806,crem
2.3840613,-1.180003,crem
2.3080688,-1.2141874,crem
3.998243,0.840952,crem
4.00389,0.94993377,crem
3.9281697,1.1124874,crem
4.0484276,0.85773563,crem
4.0551825,0.9684437,crem
4.0018406,0.92931336,crem
3.972124,0.9478801,crem
4.002083,0.88342434,crem
3.9933262,0.94079274,crem
4.0622497,1.2906933,crem
8.213687,11.244528,crem
8.085247,11.339469,crem
8.240662,11.308576,crem
8.206723,11.243549,crem
8.140571,11.321122,crem
8.149978,11.22747,crem
8.274751,11.232643,crem
8.188149,11.287328,crem
8.161026,11.365281,crem
8.127829,11.241973,crem
4.2742047,4.2495127,crem
4.307194,3.9979343,crem
4.231784,4.2741876,crem
4.2373085,4.293538,crem
4.3195124,3.9650629,crem
4.2301116,4.309215,crem
4.263369,4.2720423,crem
4.2367363,4.3120904,crem
4.261537,4.283996,crem
4.230117,4.292157,crem
2.2250302,-1.0719489,crem
2.435726,-1.0381042,crem
2.3772936,-0.9980565,crem
2.437036,-0.9869963,crem
2.4171321,-0.92422944,crem
2.2946737,-1.0507756,crem
2.4652746,-1.2179182,crem
2.2828574,-1.1288201,crem
2.4365695,-0.993364,crem
2.286347,-1.0730361,crem
8.267968,-9.259998,original
8.856744,7.8322906,original
8.523322,10.609103,original
7.0139503,9.840024,original
3.5633006,-1.1879206,original
13.027479,-3.913907,original
5.5855584,-0.31129557,original
2.1142,2.8668046,original
11.547836,-3.7857888,original
9.184475,10.672018,original
3.9071875,1.228055,original
11.705898,-3.754913,original
8.545623,10.528167,original
12.094458,3.7151752,original
9.13029,10.8975315,original
12.994174,-3.9422967,original
2.1777923,-1.0230471,original
4.426249,3.6918957,original
2.0888045,3.651253,original
7.764602,0.41013387,original
2.090041,3.5650136,original
7.000284,-0.57282686,original
6.0944543,-1.9530513,original
7.4631305,1.5363592,original
8.643529,11.010924,original
5.220866,0.6511203,original
3.5317483,-1.22625,original
3.2648275,2.7299,original
7.1218843,0.9007357,original
8.769821,12.05872,original
11.629248,-3.745498,original
10.616806,12.182871,original
-7.177602,-3.212617,original
-7.374498,-3.3814096,original
5.2418528,3.3634462,original
-8.608236,-2.416072,original
2.399419,-1.313216,original
3.1131105,-1.737128,original
3.0053682,5.337877,original
3.2224221,2.6383479,original
10.0587845,1.6680063,original
7.046739,9.255508,original
13.140054,-3.1088552,original
8.508639,11.560589,original
8.413529,10.505236,original
10.792814,11.6229515,original
11.14329,9.371958,original
6.3745227,4.253739,original
10.603791,12.206052,original
3.5174513,1.0012345,original
3.965467,-3.9110596,original
8.049872,-2.433996,original
8.445893,3.65845,original
12.993894,-3.1695962,original
10.072736,16.717999,original
3.373892,3.349269,original
6.504397,1.6552465,original
9.743468,9.512408,original
2.16695,-1.3033075,original
4.0381083,0.9345638,original
7.983214,11.051581,original
4.253541,4.265498,original
2.4254878,-1.0270857,original
